INFO 2026-05-11 16:37:28,595 autoreload 20280 30648 Watching for file changes with StatReloader
INFO 2026-05-11 16:37:45,124 views 20280 33636 User logged in: nikitasaxena43@gmail.com
INFO 2026-05-11 16:37:45,138 log 20280 33636 "POST /auth/signin HTTP/1.1" 200 672
INFO 2026-05-11 16:38:52,649 autoreload 20280 30648 C:\Python-Projects\contentgraph_backend\content\views.py changed, reloading.
INFO 2026-05-11 16:38:56,288 autoreload 22092 37956 Watching for file changes with StatReloader
INFO 2026-05-11 16:46:29,840 autoreload 22092 37956 C:\Python-Projects\contentgraph_backend\users\utils.py changed, reloading.
INFO 2026-05-11 16:46:34,551 autoreload 41076 17880 Watching for file changes with StatReloader
INFO 2026-05-11 16:47:08,681 autoreload 41076 17880 C:\Python-Projects\contentgraph_backend\content\views.py changed, reloading.
INFO 2026-05-11 16:47:10,615 autoreload 29240 42764 Watching for file changes with StatReloader
INFO 2026-05-11 16:53:10,263 autoreload 29240 42764 C:\Python-Projects\contentgraph_backend\users\utils.py changed, reloading.
INFO 2026-05-11 16:53:13,598 autoreload 27472 25992 Watching for file changes with StatReloader
INFO 2026-05-11 16:53:50,353 autoreload 27472 25992 C:\Python-Projects\contentgraph_backend\users\views.py changed, reloading.
INFO 2026-05-11 16:53:52,237 autoreload 12044 7628 Watching for file changes with StatReloader
INFO 2026-05-11 16:53:56,925 autoreload 12044 7628 C:\Python-Projects\contentgraph_backend\users\views.py changed, reloading.
INFO 2026-05-11 16:53:58,652 autoreload 11816 43284 Watching for file changes with StatReloader
INFO 2026-05-11 19:48:15,972 autoreload 11816 43284 C:\Python-Projects\contentgraph_backend\content\tasks.py changed, reloading.
INFO 2026-05-11 19:48:27,073 autoreload 15392 26024 Watching for file changes with StatReloader
INFO 2026-05-11 19:49:30,107 autoreload 15392 26024 C:\Python-Projects\contentgraph_backend\content\tasks.py changed, reloading.
INFO 2026-05-11 19:49:32,225 autoreload 30240 38144 Watching for file changes with StatReloader
INFO 2026-05-12 10:46:12,019 autoreload 42960 12656 Watching for file changes with StatReloader
INFO 2026-05-12 11:02:35,720 views 42960 17400 User logged in: nikitasaxena43@gmail.com
INFO 2026-05-12 11:02:35,747 log 42960 17400 "POST /auth/signin HTTP/1.1" 200 672
ERROR 2026-05-12 11:03:20,989 log 42960 17400 Internal Server Error: /content/generate-content
Traceback (most recent call last):
  File "C:\Myenv\Lib\site-packages\kombu\utils\functional.py", line 32, in __call__
    return self.__value__
           ^^^^^^^^^^^^^^
AttributeError: 'ChannelPromise' object has no attribute '__value__'. Did you mean: '__call__'?

During handling of the above exception, another exception occurred:

Traceback (most recent call last):
  File "C:\Myenv\Lib\site-packages\kombu\transport\virtual\base.py", line 951, in create_channel
    return self._avail_channels.pop()
           ^^^^^^^^^^^^^^^^^^^^^^^^^^
IndexError: pop from empty list

During handling of the above exception, another exception occurred:

Traceback (most recent call last):
  File "C:\Myenv\Lib\site-packages\redis\connection.py", line 385, in connect_check_health
    sock = self.retry.call_with_retry(
           ^^^^^^^^^^^^^^^^^^^^^^^^^^^
  File "C:\Myenv\Lib\site-packages\redis\retry.py", line 87, in call_with_retry
    return do()
           ^^^^
  File "C:\Myenv\Lib\site-packages\redis\connection.py", line 386, in <lambda>
    lambda: self._connect(), lambda error: self.disconnect(error)
            ^^^^^^^^^^^^^^^
  File "C:\Myenv\Lib\site-packages\redis\connection.py", line 797, in _connect
    raise err
  File "C:\Myenv\Lib\site-packages\redis\connection.py", line 781, in _connect
    sock.connect(socket_address)
ConnectionRefusedError: [WinError 10061] No connection could be made because the target machine actively refused it

During handling of the above exception, another exception occurred:

Traceback (most recent call last):
  File "C:\Myenv\Lib\site-packages\kombu\connection.py", line 474, in _reraise_as_library_errors
    yield
  File "C:\Myenv\Lib\site-packages\kombu\connection.py", line 461, in _ensure_connection
    return retry_over_time(
           ^^^^^^^^^^^^^^^^
  File "C:\Myenv\Lib\site-packages\kombu\utils\functional.py", line 318, in retry_over_time
    return fun(*args, **kwargs)
           ^^^^^^^^^^^^^^^^^^^^
  File "C:\Myenv\Lib\site-packages\kombu\connection.py", line 941, in _connection_factory
    self._connection = self._establish_connection()
                       ^^^^^^^^^^^^^^^^^^^^^^^^^^^^
  File "C:\Myenv\Lib\site-packages\kombu\connection.py", line 863, in _establish_connection
    conn = self.transport.establish_connection()
           ^^^^^^^^^^^^^^^^^^^^^^^^^^^^^^^^^^^^^
  File "C:\Myenv\Lib\site-packages\kombu\transport\virtual\base.py", line 975, in establish_connection
    self._avail_channels.append(self.create_channel(self))
                                ^^^^^^^^^^^^^^^^^^^^^^^^^
  File "C:\Myenv\Lib\site-packages\kombu\transport\virtual\base.py", line 953, in create_channel
    channel = self.Channel(connection)
              ^^^^^^^^^^^^^^^^^^^^^^^^
  File "C:\Myenv\Lib\site-packages\kombu\transport\redis.py", line 757, in __init__
    self.client.ping()
  File "C:\Myenv\Lib\site-packages\redis\commands\core.py", line 1219, in ping
    return self.execute_command("PING", **kwargs)
           ^^^^^^^^^^^^^^^^^^^^^^^^^^^^^^^^^^^^^^
  File "C:\Myenv\Lib\site-packages\redis\client.py", line 623, in execute_command
    return self._execute_command(*args, **options)
           ^^^^^^^^^^^^^^^^^^^^^^^^^^^^^^^^^^^^^^^
  File "C:\Myenv\Lib\site-packages\redis\client.py", line 629, in _execute_command
    conn = self.connection or pool.get_connection()
                              ^^^^^^^^^^^^^^^^^^^^^
  File "C:\Myenv\Lib\site-packages\redis\utils.py", line 191, in wrapper
    return func(*args, **kwargs)
           ^^^^^^^^^^^^^^^^^^^^^
  File "C:\Myenv\Lib\site-packages\redis\connection.py", line 1530, in get_connection
    connection.connect()
  File "C:\Myenv\Lib\site-packages\redis\connection.py", line 379, in connect
    self.connect_check_health(check_health=True)
  File "C:\Myenv\Lib\site-packages\redis\connection.py", line 391, in connect_check_health
    raise ConnectionError(self._error_message(e))
redis.exceptions.ConnectionError: Error 10061 connecting to localhost:6379. No connection could be made because the target machine actively refused it.

The above exception was the direct cause of the following exception:

Traceback (most recent call last):
  File "C:\Myenv\Lib\site-packages\django\core\handlers\exception.py", line 55, in inner
    response = get_response(request)
               ^^^^^^^^^^^^^^^^^^^^^
  File "C:\Myenv\Lib\site-packages\django\core\handlers\base.py", line 198, in _get_response
    response = wrapped_callback(request, *callback_args, **callback_kwargs)
               ^^^^^^^^^^^^^^^^^^^^^^^^^^^^^^^^^^^^^^^^^^^^^^^^^^^^^^^^^^^^
  File "C:\Myenv\Lib\site-packages\django\views\decorators\csrf.py", line 65, in _view_wrapper
    return view_func(request, *args, **kwargs)
           ^^^^^^^^^^^^^^^^^^^^^^^^^^^^^^^^^^^
  File "C:\Myenv\Lib\site-packages\django\views\generic\base.py", line 106, in view
    return self.dispatch(request, *args, **kwargs)
           ^^^^^^^^^^^^^^^^^^^^^^^^^^^^^^^^^^^^^^^
  File "C:\Myenv\Lib\site-packages\django\utils\decorators.py", line 48, in _wrapper
    return bound_method(*args, **kwargs)
           ^^^^^^^^^^^^^^^^^^^^^^^^^^^^^
  File "C:\Myenv\Lib\site-packages\django\views\decorators\csrf.py", line 65, in _view_wrapper
    return view_func(request, *args, **kwargs)
           ^^^^^^^^^^^^^^^^^^^^^^^^^^^^^^^^^^^
  File "C:\Myenv\Lib\site-packages\rest_framework\views.py", line 509, in dispatch
    response = self.handle_exception(exc)
               ^^^^^^^^^^^^^^^^^^^^^^^^^^
  File "C:\Myenv\Lib\site-packages\rest_framework\views.py", line 469, in handle_exception
    self.raise_uncaught_exception(exc)
  File "C:\Myenv\Lib\site-packages\rest_framework\views.py", line 480, in raise_uncaught_exception
    raise exc
  File "C:\Myenv\Lib\site-packages\rest_framework\views.py", line 506, in dispatch
    response = handler(request, *args, **kwargs)
               ^^^^^^^^^^^^^^^^^^^^^^^^^^^^^^^^^
  File "C:\Python-Projects\contentgraph_backend\content\views.py", line 60, in post
    task = generate_content_task.delay(request_data.id)
           ^^^^^^^^^^^^^^^^^^^^^^^^^^^^^^^^^^^^^^^^^^^^
  File "C:\Myenv\Lib\site-packages\celery\app\task.py", line 444, in delay
    return self.apply_async(args, kwargs)
           ^^^^^^^^^^^^^^^^^^^^^^^^^^^^^^
  File "C:\Myenv\Lib\site-packages\celery\app\task.py", line 608, in apply_async
    return app.send_task(
           ^^^^^^^^^^^^^^
  File "C:\Myenv\Lib\site-packages\celery\app\base.py", line 947, in send_task
    amqp.send_task_message(P, name, message, **options)
  File "C:\Myenv\Lib\site-packages\celery\app\amqp.py", line 559, in send_task_message
    ret = producer.publish(
          ^^^^^^^^^^^^^^^^^
  File "C:\Myenv\Lib\site-packages\kombu\messaging.py", line 190, in publish
    return _publish(
           ^^^^^^^^^
  File "C:\Myenv\Lib\site-packages\kombu\connection.py", line 558, in _ensured
    return fun(*args, **kwargs)
           ^^^^^^^^^^^^^^^^^^^^
  File "C:\Myenv\Lib\site-packages\kombu\messaging.py", line 200, in _publish
    channel = self.channel
              ^^^^^^^^^^^^
  File "C:\Myenv\Lib\site-packages\kombu\messaging.py", line 224, in _get_channel
    channel = self._channel = channel()
                              ^^^^^^^^^
  File "C:\Myenv\Lib\site-packages\kombu\utils\functional.py", line 34, in __call__
    value = self.__value__ = self.__contract__()
                             ^^^^^^^^^^^^^^^^^^^
  File "C:\Myenv\Lib\site-packages\kombu\messaging.py", line 240, in <lambda>
    channel = ChannelPromise(lambda: connection.default_channel)
                                     ^^^^^^^^^^^^^^^^^^^^^^^^^^
  File "C:\Myenv\Lib\site-packages\kombu\connection.py", line 960, in default_channel
    self._ensure_connection(**conn_opts)
  File "C:\Myenv\Lib\site-packages\kombu\connection.py", line 460, in _ensure_connection
    with ctx():
         ^^^^^
  File "C:\Python\Lib\contextlib.py", line 158, in __exit__
    self.gen.throw(value)
  File "C:\Myenv\Lib\site-packages\kombu\connection.py", line 478, in _reraise_as_library_errors
    raise ConnectionError(str(exc)) from exc
kombu.exceptions.OperationalError: Error 10061 connecting to localhost:6379. No connection could be made because the target machine actively refused it.
ERROR 2026-05-12 11:03:21,032 log 42960 17400 "POST /content/generate-content HTTP/1.1" 500 304187
ERROR 2026-05-12 11:03:42,509 log 42960 17400 Internal Server Error: /content/generate-content
Traceback (most recent call last):
  File "C:\Myenv\Lib\site-packages\kombu\utils\functional.py", line 32, in __call__
    return self.__value__
           ^^^^^^^^^^^^^^
AttributeError: 'ChannelPromise' object has no attribute '__value__'. Did you mean: '__call__'?

During handling of the above exception, another exception occurred:

Traceback (most recent call last):
  File "C:\Myenv\Lib\site-packages\kombu\transport\virtual\base.py", line 951, in create_channel
    return self._avail_channels.pop()
           ^^^^^^^^^^^^^^^^^^^^^^^^^^
IndexError: pop from empty list

During handling of the above exception, another exception occurred:

Traceback (most recent call last):
  File "C:\Myenv\Lib\site-packages\redis\connection.py", line 385, in connect_check_health
    sock = self.retry.call_with_retry(
           ^^^^^^^^^^^^^^^^^^^^^^^^^^^
  File "C:\Myenv\Lib\site-packages\redis\retry.py", line 87, in call_with_retry
    return do()
           ^^^^
  File "C:\Myenv\Lib\site-packages\redis\connection.py", line 386, in <lambda>
    lambda: self._connect(), lambda error: self.disconnect(error)
            ^^^^^^^^^^^^^^^
  File "C:\Myenv\Lib\site-packages\redis\connection.py", line 797, in _connect
    raise err
  File "C:\Myenv\Lib\site-packages\redis\connection.py", line 781, in _connect
    sock.connect(socket_address)
ConnectionRefusedError: [WinError 10061] No connection could be made because the target machine actively refused it

During handling of the above exception, another exception occurred:

Traceback (most recent call last):
  File "C:\Myenv\Lib\site-packages\kombu\connection.py", line 474, in _reraise_as_library_errors
    yield
  File "C:\Myenv\Lib\site-packages\kombu\connection.py", line 461, in _ensure_connection
    return retry_over_time(
           ^^^^^^^^^^^^^^^^
  File "C:\Myenv\Lib\site-packages\kombu\utils\functional.py", line 318, in retry_over_time
    return fun(*args, **kwargs)
           ^^^^^^^^^^^^^^^^^^^^
  File "C:\Myenv\Lib\site-packages\kombu\connection.py", line 941, in _connection_factory
    self._connection = self._establish_connection()
                       ^^^^^^^^^^^^^^^^^^^^^^^^^^^^
  File "C:\Myenv\Lib\site-packages\kombu\connection.py", line 863, in _establish_connection
    conn = self.transport.establish_connection()
           ^^^^^^^^^^^^^^^^^^^^^^^^^^^^^^^^^^^^^
  File "C:\Myenv\Lib\site-packages\kombu\transport\virtual\base.py", line 975, in establish_connection
    self._avail_channels.append(self.create_channel(self))
                                ^^^^^^^^^^^^^^^^^^^^^^^^^
  File "C:\Myenv\Lib\site-packages\kombu\transport\virtual\base.py", line 953, in create_channel
    channel = self.Channel(connection)
              ^^^^^^^^^^^^^^^^^^^^^^^^
  File "C:\Myenv\Lib\site-packages\kombu\transport\redis.py", line 757, in __init__
    self.client.ping()
  File "C:\Myenv\Lib\site-packages\redis\commands\core.py", line 1219, in ping
    return self.execute_command("PING", **kwargs)
           ^^^^^^^^^^^^^^^^^^^^^^^^^^^^^^^^^^^^^^
  File "C:\Myenv\Lib\site-packages\redis\client.py", line 623, in execute_command
    return self._execute_command(*args, **options)
           ^^^^^^^^^^^^^^^^^^^^^^^^^^^^^^^^^^^^^^^
  File "C:\Myenv\Lib\site-packages\redis\client.py", line 629, in _execute_command
    conn = self.connection or pool.get_connection()
                              ^^^^^^^^^^^^^^^^^^^^^
  File "C:\Myenv\Lib\site-packages\redis\utils.py", line 191, in wrapper
    return func(*args, **kwargs)
           ^^^^^^^^^^^^^^^^^^^^^
  File "C:\Myenv\Lib\site-packages\redis\connection.py", line 1530, in get_connection
    connection.connect()
  File "C:\Myenv\Lib\site-packages\redis\connection.py", line 379, in connect
    self.connect_check_health(check_health=True)
  File "C:\Myenv\Lib\site-packages\redis\connection.py", line 391, in connect_check_health
    raise ConnectionError(self._error_message(e))
redis.exceptions.ConnectionError: Error 10061 connecting to localhost:6379. No connection could be made because the target machine actively refused it.

The above exception was the direct cause of the following exception:

Traceback (most recent call last):
  File "C:\Myenv\Lib\site-packages\django\core\handlers\exception.py", line 55, in inner
    response = get_response(request)
               ^^^^^^^^^^^^^^^^^^^^^
  File "C:\Myenv\Lib\site-packages\django\core\handlers\base.py", line 198, in _get_response
    response = wrapped_callback(request, *callback_args, **callback_kwargs)
               ^^^^^^^^^^^^^^^^^^^^^^^^^^^^^^^^^^^^^^^^^^^^^^^^^^^^^^^^^^^^
  File "C:\Myenv\Lib\site-packages\django\views\decorators\csrf.py", line 65, in _view_wrapper
    return view_func(request, *args, **kwargs)
           ^^^^^^^^^^^^^^^^^^^^^^^^^^^^^^^^^^^
  File "C:\Myenv\Lib\site-packages\django\views\generic\base.py", line 106, in view
    return self.dispatch(request, *args, **kwargs)
           ^^^^^^^^^^^^^^^^^^^^^^^^^^^^^^^^^^^^^^^
  File "C:\Myenv\Lib\site-packages\django\utils\decorators.py", line 48, in _wrapper
    return bound_method(*args, **kwargs)
           ^^^^^^^^^^^^^^^^^^^^^^^^^^^^^
  File "C:\Myenv\Lib\site-packages\django\views\decorators\csrf.py", line 65, in _view_wrapper
    return view_func(request, *args, **kwargs)
           ^^^^^^^^^^^^^^^^^^^^^^^^^^^^^^^^^^^
  File "C:\Myenv\Lib\site-packages\rest_framework\views.py", line 509, in dispatch
    response = self.handle_exception(exc)
               ^^^^^^^^^^^^^^^^^^^^^^^^^^
  File "C:\Myenv\Lib\site-packages\rest_framework\views.py", line 469, in handle_exception
    self.raise_uncaught_exception(exc)
  File "C:\Myenv\Lib\site-packages\rest_framework\views.py", line 480, in raise_uncaught_exception
    raise exc
  File "C:\Myenv\Lib\site-packages\rest_framework\views.py", line 506, in dispatch
    response = handler(request, *args, **kwargs)
               ^^^^^^^^^^^^^^^^^^^^^^^^^^^^^^^^^
  File "C:\Python-Projects\contentgraph_backend\content\views.py", line 60, in post
    task = generate_content_task.delay(request_data.id)
           ^^^^^^^^^^^^^^^^^^^^^^^^^^^^^^^^^^^^^^^^^^^^
  File "C:\Myenv\Lib\site-packages\celery\app\task.py", line 444, in delay
    return self.apply_async(args, kwargs)
           ^^^^^^^^^^^^^^^^^^^^^^^^^^^^^^
  File "C:\Myenv\Lib\site-packages\celery\app\task.py", line 608, in apply_async
    return app.send_task(
           ^^^^^^^^^^^^^^
  File "C:\Myenv\Lib\site-packages\celery\app\base.py", line 947, in send_task
    amqp.send_task_message(P, name, message, **options)
  File "C:\Myenv\Lib\site-packages\celery\app\amqp.py", line 559, in send_task_message
    ret = producer.publish(
          ^^^^^^^^^^^^^^^^^
  File "C:\Myenv\Lib\site-packages\kombu\messaging.py", line 190, in publish
    return _publish(
           ^^^^^^^^^
  File "C:\Myenv\Lib\site-packages\kombu\connection.py", line 558, in _ensured
    return fun(*args, **kwargs)
           ^^^^^^^^^^^^^^^^^^^^
  File "C:\Myenv\Lib\site-packages\kombu\messaging.py", line 200, in _publish
    channel = self.channel
              ^^^^^^^^^^^^
  File "C:\Myenv\Lib\site-packages\kombu\messaging.py", line 224, in _get_channel
    channel = self._channel = channel()
                              ^^^^^^^^^
  File "C:\Myenv\Lib\site-packages\kombu\utils\functional.py", line 34, in __call__
    value = self.__value__ = self.__contract__()
                             ^^^^^^^^^^^^^^^^^^^
  File "C:\Myenv\Lib\site-packages\kombu\messaging.py", line 240, in <lambda>
    channel = ChannelPromise(lambda: connection.default_channel)
                                     ^^^^^^^^^^^^^^^^^^^^^^^^^^
  File "C:\Myenv\Lib\site-packages\kombu\connection.py", line 960, in default_channel
    self._ensure_connection(**conn_opts)
  File "C:\Myenv\Lib\site-packages\kombu\connection.py", line 460, in _ensure_connection
    with ctx():
         ^^^^^
  File "C:\Python\Lib\contextlib.py", line 158, in __exit__
    self.gen.throw(value)
  File "C:\Myenv\Lib\site-packages\kombu\connection.py", line 478, in _reraise_as_library_errors
    raise ConnectionError(str(exc)) from exc
kombu.exceptions.OperationalError: Error 10061 connecting to localhost:6379. No connection could be made because the target machine actively refused it.
ERROR 2026-05-12 11:03:42,516 log 42960 17400 "POST /content/generate-content HTTP/1.1" 500 304188
INFO 2026-05-12 11:07:11,159 autoreload 35256 13792 Watching for file changes with StatReloader
ERROR 2026-05-12 11:07:28,809 log 35256 43564 Internal Server Error: /content/generate-content
Traceback (most recent call last):
  File "C:\Myenv\Lib\site-packages\kombu\utils\functional.py", line 32, in __call__
    return self.__value__
           ^^^^^^^^^^^^^^
AttributeError: 'ChannelPromise' object has no attribute '__value__'. Did you mean: '__call__'?

During handling of the above exception, another exception occurred:

Traceback (most recent call last):
  File "C:\Myenv\Lib\site-packages\kombu\transport\virtual\base.py", line 951, in create_channel
    return self._avail_channels.pop()
           ^^^^^^^^^^^^^^^^^^^^^^^^^^
IndexError: pop from empty list

During handling of the above exception, another exception occurred:

Traceback (most recent call last):
  File "C:\Myenv\Lib\site-packages\redis\connection.py", line 385, in connect_check_health
    sock = self.retry.call_with_retry(
           ^^^^^^^^^^^^^^^^^^^^^^^^^^^
  File "C:\Myenv\Lib\site-packages\redis\retry.py", line 87, in call_with_retry
    return do()
           ^^^^
  File "C:\Myenv\Lib\site-packages\redis\connection.py", line 386, in <lambda>
    lambda: self._connect(), lambda error: self.disconnect(error)
            ^^^^^^^^^^^^^^^
  File "C:\Myenv\Lib\site-packages\redis\connection.py", line 761, in _connect
    for res in socket.getaddrinfo(
               ^^^^^^^^^^^^^^^^^^^
  File "C:\Python\Lib\socket.py", line 976, in getaddrinfo
    for res in _socket.getaddrinfo(host, port, family, type, proto, flags):
               ^^^^^^^^^^^^^^^^^^^^^^^^^^^^^^^^^^^^^^^^^^^^^^^^^^^^^^^^^^^
socket.gaierror: [Errno 11001] getaddrinfo failed

During handling of the above exception, another exception occurred:

Traceback (most recent call last):
  File "C:\Myenv\Lib\site-packages\kombu\connection.py", line 474, in _reraise_as_library_errors
    yield
  File "C:\Myenv\Lib\site-packages\kombu\connection.py", line 461, in _ensure_connection
    return retry_over_time(
           ^^^^^^^^^^^^^^^^
  File "C:\Myenv\Lib\site-packages\kombu\utils\functional.py", line 318, in retry_over_time
    return fun(*args, **kwargs)
           ^^^^^^^^^^^^^^^^^^^^
  File "C:\Myenv\Lib\site-packages\kombu\connection.py", line 941, in _connection_factory
    self._connection = self._establish_connection()
                       ^^^^^^^^^^^^^^^^^^^^^^^^^^^^
  File "C:\Myenv\Lib\site-packages\kombu\connection.py", line 863, in _establish_connection
    conn = self.transport.establish_connection()
           ^^^^^^^^^^^^^^^^^^^^^^^^^^^^^^^^^^^^^
  File "C:\Myenv\Lib\site-packages\kombu\transport\virtual\base.py", line 975, in establish_connection
    self._avail_channels.append(self.create_channel(self))
                                ^^^^^^^^^^^^^^^^^^^^^^^^^
  File "C:\Myenv\Lib\site-packages\kombu\transport\virtual\base.py", line 953, in create_channel
    channel = self.Channel(connection)
              ^^^^^^^^^^^^^^^^^^^^^^^^
  File "C:\Myenv\Lib\site-packages\kombu\transport\redis.py", line 757, in __init__
    self.client.ping()
  File "C:\Myenv\Lib\site-packages\redis\commands\core.py", line 1219, in ping
    return self.execute_command("PING", **kwargs)
           ^^^^^^^^^^^^^^^^^^^^^^^^^^^^^^^^^^^^^^
  File "C:\Myenv\Lib\site-packages\redis\client.py", line 623, in execute_command
    return self._execute_command(*args, **options)
           ^^^^^^^^^^^^^^^^^^^^^^^^^^^^^^^^^^^^^^^
  File "C:\Myenv\Lib\site-packages\redis\client.py", line 629, in _execute_command
    conn = self.connection or pool.get_connection()
                              ^^^^^^^^^^^^^^^^^^^^^
  File "C:\Myenv\Lib\site-packages\redis\utils.py", line 191, in wrapper
    return func(*args, **kwargs)
           ^^^^^^^^^^^^^^^^^^^^^
  File "C:\Myenv\Lib\site-packages\redis\connection.py", line 1530, in get_connection
    connection.connect()
  File "C:\Myenv\Lib\site-packages\redis\connection.py", line 379, in connect
    self.connect_check_health(check_health=True)
  File "C:\Myenv\Lib\site-packages\redis\connection.py", line 391, in connect_check_health
    raise ConnectionError(self._error_message(e))
redis.exceptions.ConnectionError: Error 11001 connecting to red-d80tr6flk1mc739u13t0:6379. getaddrinfo failed.

The above exception was the direct cause of the following exception:

Traceback (most recent call last):
  File "C:\Myenv\Lib\site-packages\django\core\handlers\exception.py", line 55, in inner
    response = get_response(request)
               ^^^^^^^^^^^^^^^^^^^^^
  File "C:\Myenv\Lib\site-packages\django\core\handlers\base.py", line 198, in _get_response
    response = wrapped_callback(request, *callback_args, **callback_kwargs)
               ^^^^^^^^^^^^^^^^^^^^^^^^^^^^^^^^^^^^^^^^^^^^^^^^^^^^^^^^^^^^
  File "C:\Myenv\Lib\site-packages\django\views\decorators\csrf.py", line 65, in _view_wrapper
    return view_func(request, *args, **kwargs)
           ^^^^^^^^^^^^^^^^^^^^^^^^^^^^^^^^^^^
  File "C:\Myenv\Lib\site-packages\django\views\generic\base.py", line 106, in view
    return self.dispatch(request, *args, **kwargs)
           ^^^^^^^^^^^^^^^^^^^^^^^^^^^^^^^^^^^^^^^
  File "C:\Myenv\Lib\site-packages\django\utils\decorators.py", line 48, in _wrapper
    return bound_method(*args, **kwargs)
           ^^^^^^^^^^^^^^^^^^^^^^^^^^^^^
  File "C:\Myenv\Lib\site-packages\django\views\decorators\csrf.py", line 65, in _view_wrapper
    return view_func(request, *args, **kwargs)
           ^^^^^^^^^^^^^^^^^^^^^^^^^^^^^^^^^^^
  File "C:\Myenv\Lib\site-packages\rest_framework\views.py", line 509, in dispatch
    response = self.handle_exception(exc)
               ^^^^^^^^^^^^^^^^^^^^^^^^^^
  File "C:\Myenv\Lib\site-packages\rest_framework\views.py", line 469, in handle_exception
    self.raise_uncaught_exception(exc)
  File "C:\Myenv\Lib\site-packages\rest_framework\views.py", line 480, in raise_uncaught_exception
    raise exc
  File "C:\Myenv\Lib\site-packages\rest_framework\views.py", line 506, in dispatch
    response = handler(request, *args, **kwargs)
               ^^^^^^^^^^^^^^^^^^^^^^^^^^^^^^^^^
  File "C:\Python-Projects\contentgraph_backend\content\views.py", line 60, in post
    task = generate_content_task.delay(request_data.id)
           ^^^^^^^^^^^^^^^^^^^^^^^^^^^^^^^^^^^^^^^^^^^^
  File "C:\Myenv\Lib\site-packages\celery\app\task.py", line 444, in delay
    return self.apply_async(args, kwargs)
           ^^^^^^^^^^^^^^^^^^^^^^^^^^^^^^
  File "C:\Myenv\Lib\site-packages\celery\app\task.py", line 608, in apply_async
    return app.send_task(
           ^^^^^^^^^^^^^^
  File "C:\Myenv\Lib\site-packages\celery\app\base.py", line 947, in send_task
    amqp.send_task_message(P, name, message, **options)
  File "C:\Myenv\Lib\site-packages\celery\app\amqp.py", line 559, in send_task_message
    ret = producer.publish(
          ^^^^^^^^^^^^^^^^^
  File "C:\Myenv\Lib\site-packages\kombu\messaging.py", line 190, in publish
    return _publish(
           ^^^^^^^^^
  File "C:\Myenv\Lib\site-packages\kombu\connection.py", line 558, in _ensured
    return fun(*args, **kwargs)
           ^^^^^^^^^^^^^^^^^^^^
  File "C:\Myenv\Lib\site-packages\kombu\messaging.py", line 200, in _publish
    channel = self.channel
              ^^^^^^^^^^^^
  File "C:\Myenv\Lib\site-packages\kombu\messaging.py", line 224, in _get_channel
    channel = self._channel = channel()
                              ^^^^^^^^^
  File "C:\Myenv\Lib\site-packages\kombu\utils\functional.py", line 34, in __call__
    value = self.__value__ = self.__contract__()
                             ^^^^^^^^^^^^^^^^^^^
  File "C:\Myenv\Lib\site-packages\kombu\messaging.py", line 240, in <lambda>
    channel = ChannelPromise(lambda: connection.default_channel)
                                     ^^^^^^^^^^^^^^^^^^^^^^^^^^
  File "C:\Myenv\Lib\site-packages\kombu\connection.py", line 960, in default_channel
    self._ensure_connection(**conn_opts)
  File "C:\Myenv\Lib\site-packages\kombu\connection.py", line 460, in _ensure_connection
    with ctx():
         ^^^^^
  File "C:\Python\Lib\contextlib.py", line 158, in __exit__
    self.gen.throw(value)
  File "C:\Myenv\Lib\site-packages\kombu\connection.py", line 478, in _reraise_as_library_errors
    raise ConnectionError(str(exc)) from exc
kombu.exceptions.OperationalError: Error 11001 connecting to red-d80tr6flk1mc739u13t0:6379. getaddrinfo failed.
ERROR 2026-05-12 11:07:28,836 log 35256 43564 "POST /content/generate-content HTTP/1.1" 500 302606
WARNING 2026-05-12 11:12:33,637 log 35256 26256 Unauthorized: /content/generate-content
WARNING 2026-05-12 11:12:33,649 log 35256 26256 "POST /content/generate-content HTTP/1.1" 401 183
INFO 2026-05-12 11:12:50,010 views 35256 26256 User logged in: nikitasaxena43@gmail.com
INFO 2026-05-12 11:12:50,013 log 35256 26256 "POST /auth/signin HTTP/1.1" 200 672
ERROR 2026-05-12 11:13:44,742 log 35256 26256 Internal Server Error: /content/generate-content
Traceback (most recent call last):
  File "C:\Myenv\Lib\site-packages\kombu\utils\functional.py", line 32, in __call__
    return self.__value__
           ^^^^^^^^^^^^^^
AttributeError: 'ChannelPromise' object has no attribute '__value__'. Did you mean: '__call__'?

During handling of the above exception, another exception occurred:

Traceback (most recent call last):
  File "C:\Myenv\Lib\site-packages\kombu\transport\virtual\base.py", line 951, in create_channel
    return self._avail_channels.pop()
           ^^^^^^^^^^^^^^^^^^^^^^^^^^
IndexError: pop from empty list

During handling of the above exception, another exception occurred:

Traceback (most recent call last):
  File "C:\Myenv\Lib\site-packages\redis\connection.py", line 385, in connect_check_health
    sock = self.retry.call_with_retry(
           ^^^^^^^^^^^^^^^^^^^^^^^^^^^
  File "C:\Myenv\Lib\site-packages\redis\retry.py", line 87, in call_with_retry
    return do()
           ^^^^
  File "C:\Myenv\Lib\site-packages\redis\connection.py", line 386, in <lambda>
    lambda: self._connect(), lambda error: self.disconnect(error)
            ^^^^^^^^^^^^^^^
  File "C:\Myenv\Lib\site-packages\redis\connection.py", line 761, in _connect
    for res in socket.getaddrinfo(
               ^^^^^^^^^^^^^^^^^^^
  File "C:\Python\Lib\socket.py", line 976, in getaddrinfo
    for res in _socket.getaddrinfo(host, port, family, type, proto, flags):
               ^^^^^^^^^^^^^^^^^^^^^^^^^^^^^^^^^^^^^^^^^^^^^^^^^^^^^^^^^^^
socket.gaierror: [Errno 11001] getaddrinfo failed

During handling of the above exception, another exception occurred:

Traceback (most recent call last):
  File "C:\Myenv\Lib\site-packages\kombu\connection.py", line 474, in _reraise_as_library_errors
    yield
  File "C:\Myenv\Lib\site-packages\kombu\connection.py", line 461, in _ensure_connection
    return retry_over_time(
           ^^^^^^^^^^^^^^^^
  File "C:\Myenv\Lib\site-packages\kombu\utils\functional.py", line 318, in retry_over_time
    return fun(*args, **kwargs)
           ^^^^^^^^^^^^^^^^^^^^
  File "C:\Myenv\Lib\site-packages\kombu\connection.py", line 941, in _connection_factory
    self._connection = self._establish_connection()
                       ^^^^^^^^^^^^^^^^^^^^^^^^^^^^
  File "C:\Myenv\Lib\site-packages\kombu\connection.py", line 863, in _establish_connection
    conn = self.transport.establish_connection()
           ^^^^^^^^^^^^^^^^^^^^^^^^^^^^^^^^^^^^^
  File "C:\Myenv\Lib\site-packages\kombu\transport\virtual\base.py", line 975, in establish_connection
    self._avail_channels.append(self.create_channel(self))
                                ^^^^^^^^^^^^^^^^^^^^^^^^^
  File "C:\Myenv\Lib\site-packages\kombu\transport\virtual\base.py", line 953, in create_channel
    channel = self.Channel(connection)
              ^^^^^^^^^^^^^^^^^^^^^^^^
  File "C:\Myenv\Lib\site-packages\kombu\transport\redis.py", line 757, in __init__
    self.client.ping()
  File "C:\Myenv\Lib\site-packages\redis\commands\core.py", line 1219, in ping
    return self.execute_command("PING", **kwargs)
           ^^^^^^^^^^^^^^^^^^^^^^^^^^^^^^^^^^^^^^
  File "C:\Myenv\Lib\site-packages\redis\client.py", line 623, in execute_command
    return self._execute_command(*args, **options)
           ^^^^^^^^^^^^^^^^^^^^^^^^^^^^^^^^^^^^^^^
  File "C:\Myenv\Lib\site-packages\redis\client.py", line 629, in _execute_command
    conn = self.connection or pool.get_connection()
                              ^^^^^^^^^^^^^^^^^^^^^
  File "C:\Myenv\Lib\site-packages\redis\utils.py", line 191, in wrapper
    return func(*args, **kwargs)
           ^^^^^^^^^^^^^^^^^^^^^
  File "C:\Myenv\Lib\site-packages\redis\connection.py", line 1530, in get_connection
    connection.connect()
  File "C:\Myenv\Lib\site-packages\redis\connection.py", line 379, in connect
    self.connect_check_health(check_health=True)
  File "C:\Myenv\Lib\site-packages\redis\connection.py", line 391, in connect_check_health
    raise ConnectionError(self._error_message(e))
redis.exceptions.ConnectionError: Error 11001 connecting to red-d80tr6flk1mc739u13t0:6379. getaddrinfo failed.

The above exception was the direct cause of the following exception:

Traceback (most recent call last):
  File "C:\Myenv\Lib\site-packages\django\core\handlers\exception.py", line 55, in inner
    response = get_response(request)
               ^^^^^^^^^^^^^^^^^^^^^
  File "C:\Myenv\Lib\site-packages\django\core\handlers\base.py", line 198, in _get_response
    response = wrapped_callback(request, *callback_args, **callback_kwargs)
               ^^^^^^^^^^^^^^^^^^^^^^^^^^^^^^^^^^^^^^^^^^^^^^^^^^^^^^^^^^^^
  File "C:\Myenv\Lib\site-packages\django\views\decorators\csrf.py", line 65, in _view_wrapper
    return view_func(request, *args, **kwargs)
           ^^^^^^^^^^^^^^^^^^^^^^^^^^^^^^^^^^^
  File "C:\Myenv\Lib\site-packages\django\views\generic\base.py", line 106, in view
    return self.dispatch(request, *args, **kwargs)
           ^^^^^^^^^^^^^^^^^^^^^^^^^^^^^^^^^^^^^^^
  File "C:\Myenv\Lib\site-packages\django\utils\decorators.py", line 48, in _wrapper
    return bound_method(*args, **kwargs)
           ^^^^^^^^^^^^^^^^^^^^^^^^^^^^^
  File "C:\Myenv\Lib\site-packages\django\views\decorators\csrf.py", line 65, in _view_wrapper
    return view_func(request, *args, **kwargs)
           ^^^^^^^^^^^^^^^^^^^^^^^^^^^^^^^^^^^
  File "C:\Myenv\Lib\site-packages\rest_framework\views.py", line 509, in dispatch
    response = self.handle_exception(exc)
               ^^^^^^^^^^^^^^^^^^^^^^^^^^
  File "C:\Myenv\Lib\site-packages\rest_framework\views.py", line 469, in handle_exception
    self.raise_uncaught_exception(exc)
  File "C:\Myenv\Lib\site-packages\rest_framework\views.py", line 480, in raise_uncaught_exception
    raise exc
  File "C:\Myenv\Lib\site-packages\rest_framework\views.py", line 506, in dispatch
    response = handler(request, *args, **kwargs)
               ^^^^^^^^^^^^^^^^^^^^^^^^^^^^^^^^^
  File "C:\Python-Projects\contentgraph_backend\content\views.py", line 60, in post
    task = generate_content_task.delay(request_data.id)
           ^^^^^^^^^^^^^^^^^^^^^^^^^^^^^^^^^^^^^^^^^^^^
  File "C:\Myenv\Lib\site-packages\celery\app\task.py", line 444, in delay
    return self.apply_async(args, kwargs)
           ^^^^^^^^^^^^^^^^^^^^^^^^^^^^^^
  File "C:\Myenv\Lib\site-packages\celery\app\task.py", line 608, in apply_async
    return app.send_task(
           ^^^^^^^^^^^^^^
  File "C:\Myenv\Lib\site-packages\celery\app\base.py", line 947, in send_task
    amqp.send_task_message(P, name, message, **options)
  File "C:\Myenv\Lib\site-packages\celery\app\amqp.py", line 559, in send_task_message
    ret = producer.publish(
          ^^^^^^^^^^^^^^^^^
  File "C:\Myenv\Lib\site-packages\kombu\messaging.py", line 190, in publish
    return _publish(
           ^^^^^^^^^
  File "C:\Myenv\Lib\site-packages\kombu\connection.py", line 558, in _ensured
    return fun(*args, **kwargs)
           ^^^^^^^^^^^^^^^^^^^^
  File "C:\Myenv\Lib\site-packages\kombu\messaging.py", line 200, in _publish
    channel = self.channel
              ^^^^^^^^^^^^
  File "C:\Myenv\Lib\site-packages\kombu\messaging.py", line 224, in _get_channel
    channel = self._channel = channel()
                              ^^^^^^^^^
  File "C:\Myenv\Lib\site-packages\kombu\utils\functional.py", line 34, in __call__
    value = self.__value__ = self.__contract__()
                             ^^^^^^^^^^^^^^^^^^^
  File "C:\Myenv\Lib\site-packages\kombu\messaging.py", line 240, in <lambda>
    channel = ChannelPromise(lambda: connection.default_channel)
                                     ^^^^^^^^^^^^^^^^^^^^^^^^^^
  File "C:\Myenv\Lib\site-packages\kombu\connection.py", line 960, in default_channel
    self._ensure_connection(**conn_opts)
  File "C:\Myenv\Lib\site-packages\kombu\connection.py", line 460, in _ensure_connection
    with ctx():
         ^^^^^
  File "C:\Python\Lib\contextlib.py", line 158, in __exit__
    self.gen.throw(value)
  File "C:\Myenv\Lib\site-packages\kombu\connection.py", line 478, in _reraise_as_library_errors
    raise ConnectionError(str(exc)) from exc
kombu.exceptions.OperationalError: Error 11001 connecting to red-d80tr6flk1mc739u13t0:6379. getaddrinfo failed.
ERROR 2026-05-12 11:13:44,797 log 35256 26256 "POST /content/generate-content HTTP/1.1" 500 302605
INFO 2026-05-12 11:14:25,905 autoreload 30440 20868 Watching for file changes with StatReloader
WARNING 2026-05-12 11:20:33,825 log 30440 13452 Unauthorized: /content/generate-content
WARNING 2026-05-12 11:20:33,834 log 30440 13452 "POST /content/generate-content HTTP/1.1" 401 183
INFO 2026-05-12 11:20:43,219 views 30440 13452 User logged in: nikitasaxena43@gmail.com
INFO 2026-05-12 11:20:43,226 log 30440 13452 "POST /auth/signin HTTP/1.1" 200 672
INFO 2026-05-12 11:21:05,386 views 30440 13452 User logged in: nikitasaxena43@gmail.com
INFO 2026-05-12 11:21:05,391 log 30440 13452 "POST /auth/signin HTTP/1.1" 200 672
INFO 2026-05-12 11:21:21,382 log 30440 13452 "POST /content/generate-content HTTP/1.1" 202 71
ERROR 2026-05-12 11:22:10,692 log 30440 13452 Internal Server Error: /content/generate/0d029523-0b56-4e39-a439-f9567e73f104
Traceback (most recent call last):
  File "C:\Myenv\Lib\site-packages\django\core\handlers\exception.py", line 55, in inner
    response = get_response(request)
               ^^^^^^^^^^^^^^^^^^^^^
  File "C:\Myenv\Lib\site-packages\django\core\handlers\base.py", line 198, in _get_response
    response = wrapped_callback(request, *callback_args, **callback_kwargs)
               ^^^^^^^^^^^^^^^^^^^^^^^^^^^^^^^^^^^^^^^^^^^^^^^^^^^^^^^^^^^^
  File "C:\Myenv\Lib\site-packages\django\views\decorators\csrf.py", line 65, in _view_wrapper
    return view_func(request, *args, **kwargs)
           ^^^^^^^^^^^^^^^^^^^^^^^^^^^^^^^^^^^
  File "C:\Myenv\Lib\site-packages\django\views\generic\base.py", line 106, in view
    return self.dispatch(request, *args, **kwargs)
           ^^^^^^^^^^^^^^^^^^^^^^^^^^^^^^^^^^^^^^^
  File "C:\Myenv\Lib\site-packages\rest_framework\views.py", line 509, in dispatch
    response = self.handle_exception(exc)
               ^^^^^^^^^^^^^^^^^^^^^^^^^^
  File "C:\Myenv\Lib\site-packages\rest_framework\views.py", line 469, in handle_exception
    self.raise_uncaught_exception(exc)
  File "C:\Myenv\Lib\site-packages\rest_framework\views.py", line 480, in raise_uncaught_exception
    raise exc
  File "C:\Myenv\Lib\site-packages\rest_framework\views.py", line 506, in dispatch
    response = handler(request, *args, **kwargs)
               ^^^^^^^^^^^^^^^^^^^^^^^^^^^^^^^^^
TypeError: ResultView.get() got multiple values for argument 'task_id'
ERROR 2026-05-12 11:22:10,702 log 30440 13452 "GET /content/generate/0d029523-0b56-4e39-a439-f9567e73f104 HTTP/1.1" 500 97961
INFO 2026-05-12 11:23:49,233 autoreload 30440 20868 C:\Python-Projects\contentgraph_backend\content\views.py changed, reloading.
INFO 2026-05-12 11:23:54,851 autoreload 25404 30916 Watching for file changes with StatReloader
INFO 2026-05-12 11:24:08,279 log 25404 27672 "GET /content/generate/0d029523-0b56-4e39-a439-f9567e73f104 HTTP/1.1" 200 21
INFO 2026-05-12 11:24:12,812 log 25404 27672 "GET /content/generate/0d029523-0b56-4e39-a439-f9567e73f104 HTTP/1.1" 200 21
INFO 2026-05-12 11:24:15,660 log 25404 27672 "GET /content/generate/0d029523-0b56-4e39-a439-f9567e73f104 HTTP/1.1" 200 21
INFO 2026-05-12 11:25:08,713 autoreload 25404 30916 C:\Python-Projects\contentgraph_backend\content\tasks.py changed, reloading.
INFO 2026-05-12 11:25:11,745 autoreload 30648 40812 Watching for file changes with StatReloader
ERROR 2026-05-12 11:25:23,865 log 30648 1336 Internal Server Error: /content/generate/0d029523-0b56-4e39-a439-f9567e73f104
ERROR 2026-05-12 11:25:23,866 log 30648 1336 "GET /content/generate/0d029523-0b56-4e39-a439-f9567e73f104 HTTP/1.1" 500 72
INFO 2026-05-12 11:26:00,303 autoreload 30648 40812 C:\Python-Projects\contentgraph_backend\content\tasks.py changed, reloading.
INFO 2026-05-12 11:26:03,599 autoreload 38800 11860 Watching for file changes with StatReloader
WARNING 2026-05-12 11:26:08,261 log 38800 12208 Unauthorized: /content/generate-content
WARNING 2026-05-12 11:26:08,263 log 38800 12208 "POST /content/generate-content HTTP/1.1" 401 183
INFO 2026-05-12 11:26:22,741 views 38800 12208 User logged in: nikitasaxena43@gmail.com
INFO 2026-05-12 11:26:22,743 log 38800 12208 "POST /auth/signin HTTP/1.1" 200 672
INFO 2026-05-12 11:26:37,263 log 38800 12208 "POST /content/generate-content HTTP/1.1" 202 71
ERROR 2026-05-12 11:27:23,401 log 38800 12208 Internal Server Error: /content/generate/ad72275b-abda-4074-a89a-95168526594c
ERROR 2026-05-12 11:27:23,401 log 38800 12208 "GET /content/generate/ad72275b-abda-4074-a89a-95168526594c HTTP/1.1" 500 72
ERROR 2026-05-12 11:27:26,182 log 38800 12208 Internal Server Error: /content/generate/ad72275b-abda-4074-a89a-95168526594c
ERROR 2026-05-12 11:27:26,184 log 38800 12208 "GET /content/generate/ad72275b-abda-4074-a89a-95168526594c HTTP/1.1" 500 72
INFO 2026-05-12 11:28:45,150 autoreload 38800 11860 C:\Python-Projects\contentgraph_backend\content\tasks.py changed, reloading.
INFO 2026-05-12 11:28:48,279 autoreload 18144 40396 Watching for file changes with StatReloader
INFO 2026-05-12 11:28:53,603 log 18144 11912 "POST /content/generate-content HTTP/1.1" 202 71
ERROR 2026-05-12 11:29:20,737 log 18144 11912 Internal Server Error: /content/generate/d74bb97b-792f-4dc9-add9-8813160aefa8
ERROR 2026-05-12 11:29:20,737 log 18144 11912 "GET /content/generate/d74bb97b-792f-4dc9-add9-8813160aefa8 HTTP/1.1" 500 72
ERROR 2026-05-12 11:29:24,338 log 18144 11912 Internal Server Error: /content/generate/d74bb97b-792f-4dc9-add9-8813160aefa8
ERROR 2026-05-12 11:29:24,342 log 18144 11912 "GET /content/generate/d74bb97b-792f-4dc9-add9-8813160aefa8 HTTP/1.1" 500 72
INFO 2026-05-12 11:29:42,597 autoreload 18144 40396 C:\Python-Projects\contentgraph_backend\content\tasks.py changed, reloading.
INFO 2026-05-12 11:29:45,138 autoreload 12408 10068 Watching for file changes with StatReloader
ERROR 2026-05-12 11:29:57,457 log 12408 42892 Internal Server Error: /content/generate/d74bb97b-792f-4dc9-add9-8813160aefa8
ERROR 2026-05-12 11:29:57,459 log 12408 42892 "GET /content/generate/d74bb97b-792f-4dc9-add9-8813160aefa8 HTTP/1.1" 500 72
ERROR 2026-05-12 11:30:00,343 log 12408 42892 Internal Server Error: /content/generate/d74bb97b-792f-4dc9-add9-8813160aefa8
ERROR 2026-05-12 11:30:00,346 log 12408 42892 "GET /content/generate/d74bb97b-792f-4dc9-add9-8813160aefa8 HTTP/1.1" 500 72
INFO 2026-05-12 11:30:23,783 log 12408 42892 "POST /content/generate-content HTTP/1.1" 202 71
ERROR 2026-05-12 11:30:39,666 log 12408 42892 Internal Server Error: /content/generate/eed46cf3-1367-40e5-81c7-ceb414c4e7a3
ERROR 2026-05-12 11:30:39,667 log 12408 42892 "GET /content/generate/eed46cf3-1367-40e5-81c7-ceb414c4e7a3 HTTP/1.1" 500 72
ERROR 2026-05-12 11:30:42,473 log 12408 42892 Internal Server Error: /content/generate/eed46cf3-1367-40e5-81c7-ceb414c4e7a3
ERROR 2026-05-12 11:30:42,473 log 12408 42892 "GET /content/generate/eed46cf3-1367-40e5-81c7-ceb414c4e7a3 HTTP/1.1" 500 72
ERROR 2026-05-12 11:30:46,610 log 12408 42892 Internal Server Error: /content/generate/eed46cf3-1367-40e5-81c7-ceb414c4e7a3
ERROR 2026-05-12 11:30:46,612 log 12408 42892 "GET /content/generate/eed46cf3-1367-40e5-81c7-ceb414c4e7a3 HTTP/1.1" 500 72
INFO 2026-05-12 11:31:03,425 autoreload 12408 10068 C:\Python-Projects\contentgraph_backend\content\tasks.py changed, reloading.
INFO 2026-05-12 11:31:06,694 autoreload 432 32564 Watching for file changes with StatReloader
INFO 2026-05-12 11:44:43,596 autoreload 17728 2872 Watching for file changes with StatReloader
INFO 2026-05-12 11:44:57,775 views 17728 40244 User logged in: nikitasaxena43@gmail.com
INFO 2026-05-12 11:44:57,787 log 17728 40244 "POST /auth/signin HTTP/1.1" 200 672
ERROR 2026-05-12 11:45:34,132 log 17728 40244 Internal Server Error: /content/generate/eed46cf3-1367-40e5-81c7-ceb414c4e7a3
ERROR 2026-05-12 11:45:34,133 log 17728 40244 "GET /content/generate/eed46cf3-1367-40e5-81c7-ceb414c4e7a3 HTTP/1.1" 500 72
INFO 2026-05-12 11:45:57,218 autoreload 17728 2872 C:\Python-Projects\contentgraph_backend\content\tasks.py changed, reloading.
INFO 2026-05-12 11:46:00,256 autoreload 10396 9808 Watching for file changes with StatReloader
INFO 2026-05-12 11:51:55,918 autoreload 34624 20032 Watching for file changes with StatReloader
WARNING 2026-05-12 11:52:13,065 log 34624 2892 Unauthorized: /content/generate/eed46cf3-1367-40e5-81c7-ceb414c4e7a3
WARNING 2026-05-12 11:52:13,067 log 34624 2892 "GET /content/generate/eed46cf3-1367-40e5-81c7-ceb414c4e7a3 HTTP/1.1" 401 183
INFO 2026-05-12 11:52:21,801 views 34624 2892 User logged in: nikitasaxena43@gmail.com
INFO 2026-05-12 11:52:21,803 log 34624 2892 "POST /auth/signin HTTP/1.1" 200 672
ERROR 2026-05-12 11:53:21,292 log 34624 37980 Internal Server Error: /content/generate/eed46cf3-1367-40e5-81c7-ceb414c4e7a3
ERROR 2026-05-12 11:53:21,293 log 34624 37980 "GET /content/generate/eed46cf3-1367-40e5-81c7-ceb414c4e7a3 HTTP/1.1" 500 72
INFO 2026-05-12 11:55:49,345 autoreload 29340 4832 Watching for file changes with StatReloader
INFO 2026-05-12 11:55:58,262 views 29340 34176 User logged in: nikitasaxena43@gmail.com
INFO 2026-05-12 11:55:58,268 log 29340 34176 "POST /auth/signin HTTP/1.1" 200 672
INFO 2026-05-12 11:56:18,851 views 29340 34176 User logged in: nikitasaxena43@gmail.com
INFO 2026-05-12 11:56:18,851 log 29340 34176 "POST /auth/signin HTTP/1.1" 200 672
INFO 2026-05-12 11:56:33,600 log 29340 34176 "POST /content/generate-content HTTP/1.1" 202 71
INFO 2026-05-12 11:57:24,991 log 29340 34176 "GET /content/generate/381c222c-d763-4fbe-83d8-2cca0fc7bee2 HTTP/1.1" 200 21
INFO 2026-05-12 11:57:28,817 log 29340 34176 "GET /content/generate/381c222c-d763-4fbe-83d8-2cca0fc7bee2 HTTP/1.1" 200 21
INFO 2026-05-12 11:57:31,355 log 29340 34176 "GET /content/generate/381c222c-d763-4fbe-83d8-2cca0fc7bee2 HTTP/1.1" 200 21
INFO 2026-05-12 11:57:33,714 log 29340 34176 "GET /content/generate/381c222c-d763-4fbe-83d8-2cca0fc7bee2 HTTP/1.1" 200 21
INFO 2026-05-12 11:58:30,841 autoreload 29340 4832 C:\Python-Projects\contentgraph_backend\content\tasks.py changed, reloading.
INFO 2026-05-12 11:58:34,948 autoreload 12196 23784 Watching for file changes with StatReloader
ERROR 2026-05-12 11:58:40,068 log 12196 10496 Internal Server Error: /content/generate/381c222c-d763-4fbe-83d8-2cca0fc7bee2
ERROR 2026-05-12 11:58:40,068 log 12196 10496 "GET /content/generate/381c222c-d763-4fbe-83d8-2cca0fc7bee2 HTTP/1.1" 500 72
INFO 2026-05-12 11:59:54,044 autoreload 12196 23784 C:\Python-Projects\contentgraph_backend\content\views.py changed, reloading.
INFO 2026-05-12 11:59:56,067 autoreload 40764 29780 Watching for file changes with StatReloader
INFO 2026-05-12 12:00:12,803 autoreload 40764 29780 C:\Python-Projects\contentgraph_backend\content\views.py changed, reloading.
INFO 2026-05-12 12:00:15,660 autoreload 31440 15648 Watching for file changes with StatReloader
ERROR 2026-05-12 12:00:59,873 log 31440 43436 Internal Server Error: /content/generate/381c222c-d763-4fbe-83d8-2cca0fc7bee2
ERROR 2026-05-12 12:00:59,877 log 31440 43436 "GET /content/generate/381c222c-d763-4fbe-83d8-2cca0fc7bee2 HTTP/1.1" 500 72
INFO 2026-05-12 12:01:46,144 autoreload 31440 15648 C:\Python-Projects\contentgraph_backend\content\views.py changed, reloading.
INFO 2026-05-12 12:01:49,474 autoreload 24852 15340 Watching for file changes with StatReloader
INFO 2026-05-12 12:03:36,754 autoreload 24852 15340 C:\Python-Projects\contentgraph_backend\content\tasks.py changed, reloading.
INFO 2026-05-12 12:03:40,270 autoreload 13148 40844 Watching for file changes with StatReloader
INFO 2026-05-12 12:04:21,730 autoreload 13148 40844 C:\Python-Projects\contentgraph_backend\content\views.py changed, reloading.
INFO 2026-05-12 12:04:23,761 autoreload 41428 14648 Watching for file changes with StatReloader
INFO 2026-05-12 12:04:33,600 autoreload 41428 14648 C:\Python-Projects\contentgraph_backend\content\views.py changed, reloading.
INFO 2026-05-12 12:04:36,399 autoreload 42724 7436 Watching for file changes with StatReloader
WARNING 2026-05-12 12:04:39,994 log 42724 20768 Unauthorized: /content/generate/381c222c-d763-4fbe-83d8-2cca0fc7bee2
WARNING 2026-05-12 12:04:39,996 log 42724 20768 "GET /content/generate/381c222c-d763-4fbe-83d8-2cca0fc7bee2 HTTP/1.1" 401 183
INFO 2026-05-12 12:04:58,331 views 42724 20768 User logged in: nikitasaxena43@gmail.com
INFO 2026-05-12 12:04:58,332 log 42724 20768 "POST /auth/signin HTTP/1.1" 200 672
ERROR 2026-05-12 12:05:09,908 log 42724 20768 Internal Server Error: /content/generate/381c222c-d763-4fbe-83d8-2cca0fc7bee2
ERROR 2026-05-12 12:05:09,909 log 42724 20768 "GET /content/generate/381c222c-d763-4fbe-83d8-2cca0fc7bee2 HTTP/1.1" 500 72
INFO 2026-05-12 12:05:55,820 views 42724 20768 User logged in: nikitasaxena43@gmail.com
INFO 2026-05-12 12:05:55,820 log 42724 20768 "POST /auth/signin HTTP/1.1" 200 672
INFO 2026-05-12 12:06:07,974 log 42724 20768 "POST /content/generate-content HTTP/1.1" 202 71
ERROR 2026-05-12 12:06:47,261 log 42724 20768 Internal Server Error: /content/generate/99bf66cb-d83e-4272-9afd-5746179e6a19
ERROR 2026-05-12 12:06:47,261 log 42724 20768 "GET /content/generate/99bf66cb-d83e-4272-9afd-5746179e6a19 HTTP/1.1" 500 72
INFO 2026-05-12 12:12:53,669 autoreload 11860 16792 Watching for file changes with StatReloader
INFO 2026-05-12 12:13:01,287 views 11860 37760 User logged in: nikitasaxena43@gmail.com
INFO 2026-05-12 12:13:01,294 log 11860 37760 "POST /auth/signin HTTP/1.1" 200 672
ERROR 2026-05-12 12:13:28,913 log 11860 37760 Internal Server Error: /content/generate/99bf66cb-d83e-4272-9afd-5746179e6a19
ERROR 2026-05-12 12:13:28,915 log 11860 37760 "GET /content/generate/99bf66cb-d83e-4272-9afd-5746179e6a19 HTTP/1.1" 500 72
ERROR 2026-05-12 12:13:31,831 log 11860 37760 Internal Server Error: /content/generate/99bf66cb-d83e-4272-9afd-5746179e6a19
ERROR 2026-05-12 12:13:31,833 log 11860 37760 "GET /content/generate/99bf66cb-d83e-4272-9afd-5746179e6a19 HTTP/1.1" 500 72
INFO 2026-05-12 12:13:53,235 log 11860 37760 "POST /content/generate-content HTTP/1.1" 202 71
INFO 2026-05-12 12:14:13,049 log 11860 37760 "GET /content/generate/d9721a5d-998e-4568-bde5-9a07190d2097 HTTP/1.1" 200 21
INFO 2026-05-12 12:14:15,098 log 11860 37760 "GET /content/generate/d9721a5d-998e-4568-bde5-9a07190d2097 HTTP/1.1" 200 21
INFO 2026-05-12 12:14:16,633 log 11860 37760 "GET /content/generate/d9721a5d-998e-4568-bde5-9a07190d2097 HTTP/1.1" 200 21
INFO 2026-05-12 12:14:18,276 log 11860 37760 "GET /content/generate/d9721a5d-998e-4568-bde5-9a07190d2097 HTTP/1.1" 200 21
INFO 2026-05-12 12:14:31,374 log 11860 37760 "GET /content/generate/d9721a5d-998e-4568-bde5-9a07190d2097 HTTP/1.1" 200 21
INFO 2026-05-12 12:14:33,427 log 11860 37760 "GET /content/generate/d9721a5d-998e-4568-bde5-9a07190d2097 HTTP/1.1" 200 21
INFO 2026-05-12 12:15:20,131 log 11860 37760 "GET /content/generate/d9721a5d-998e-4568-bde5-9a07190d2097 HTTP/1.1" 200 21
INFO 2026-05-12 12:15:22,292 log 11860 37760 "GET /content/generate/d9721a5d-998e-4568-bde5-9a07190d2097 HTTP/1.1" 200 21
INFO 2026-05-12 12:15:45,655 log 11860 37760 "GET /content/generate/d9721a5d-998e-4568-bde5-9a07190d2097 HTTP/1.1" 200 21
INFO 2026-05-12 12:15:50,653 log 11860 37760 "GET /content/generate/d9721a5d-998e-4568-bde5-9a07190d2097 HTTP/1.1" 200 21
INFO 2026-05-12 12:16:44,295 log 11860 37760 "GET /content/generate/d9721a5d-998e-4568-bde5-9a07190d2097 HTTP/1.1" 200 21
INFO 2026-05-12 12:16:46,137 log 11860 37760 "GET /content/generate/d9721a5d-998e-4568-bde5-9a07190d2097 HTTP/1.1" 200 21
INFO 2026-05-12 12:16:47,784 log 11860 37760 "GET /content/generate/d9721a5d-998e-4568-bde5-9a07190d2097 HTTP/1.1" 200 21
INFO 2026-05-12 12:17:25,835 log 11860 37760 "GET /content/generate/d9721a5d-998e-4568-bde5-9a07190d2097 HTTP/1.1" 200 21
INFO 2026-05-12 12:19:37,659 log 11860 32780 "GET /content/generate/d9721a5d-998e-4568-bde5-9a07190d2097 HTTP/1.1" 200 21
INFO 2026-05-12 12:19:44,683 log 11860 32780 "GET /content/generate/d9721a5d-998e-4568-bde5-9a07190d2097 HTTP/1.1" 200 21
INFO 2026-05-12 12:19:46,458 log 11860 32780 "GET /content/generate/d9721a5d-998e-4568-bde5-9a07190d2097 HTTP/1.1" 200 21
INFO 2026-05-12 12:19:48,205 log 11860 32780 "GET /content/generate/d9721a5d-998e-4568-bde5-9a07190d2097 HTTP/1.1" 200 21
INFO 2026-05-12 12:22:06,961 log 11860 27828 "GET /content/generate/d9721a5d-998e-4568-bde5-9a07190d2097 HTTP/1.1" 200 21
INFO 2026-05-12 12:22:53,494 autoreload 11860 16792 C:\Python-Projects\contentgraph_backend\contentgraph_backend\settings.py changed, reloading.
INFO 2026-05-12 12:22:57,228 autoreload 10984 25140 Watching for file changes with StatReloader
INFO 2026-05-12 12:23:06,483 log 10984 29020 "GET /content/generate/d9721a5d-998e-4568-bde5-9a07190d2097 HTTP/1.1" 200 21
WARNING 2026-05-12 12:23:11,695 log 10984 29020 Unauthorized: /content/generate-content
WARNING 2026-05-12 12:23:11,695 log 10984 29020 "POST /content/generate-content HTTP/1.1" 401 183
INFO 2026-05-12 12:23:20,204 views 10984 29020 User logged in: nikitasaxena43@gmail.com
INFO 2026-05-12 12:23:20,206 log 10984 29020 "POST /auth/signin HTTP/1.1" 200 672
INFO 2026-05-12 12:23:44,962 log 10984 29020 "POST /content/generate-content HTTP/1.1" 202 71
INFO 2026-05-12 12:24:05,190 log 10984 29020 "GET /content/generate/06f42b4a-477a-4c7b-a97e-73aaf7d07ebc HTTP/1.1" 200 21
INFO 2026-05-12 12:24:07,458 log 10984 29020 "GET /content/generate/06f42b4a-477a-4c7b-a97e-73aaf7d07ebc HTTP/1.1" 200 21
INFO 2026-05-12 12:24:09,111 log 10984 29020 "GET /content/generate/06f42b4a-477a-4c7b-a97e-73aaf7d07ebc HTTP/1.1" 200 21
INFO 2026-05-12 12:24:38,685 log 10984 29020 "GET /content/generate/06f42b4a-477a-4c7b-a97e-73aaf7d07ebc HTTP/1.1" 200 21
INFO 2026-05-12 12:24:59,838 log 10984 29020 "GET /content/generate/06f42b4a-477a-4c7b-a97e-73aaf7d07ebc HTTP/1.1" 200 21
INFO 2026-05-12 12:25:02,070 log 10984 29020 "GET /content/generate/06f42b4a-477a-4c7b-a97e-73aaf7d07ebc HTTP/1.1" 200 21
INFO 2026-05-12 12:25:03,715 log 10984 29020 "GET /content/generate/06f42b4a-477a-4c7b-a97e-73aaf7d07ebc HTTP/1.1" 200 21
ERROR 2026-05-12 12:25:50,251 log 10984 29020 Internal Server Error: /content/generate/06f42b4a-477a-4c7b-a97e-73aaf7d07ebc
ERROR 2026-05-12 12:25:50,254 log 10984 29020 "GET /content/generate/06f42b4a-477a-4c7b-a97e-73aaf7d07ebc HTTP/1.1" 500 39
ERROR 2026-05-12 12:25:53,951 log 10984 29020 Internal Server Error: /content/generate/06f42b4a-477a-4c7b-a97e-73aaf7d07ebc
ERROR 2026-05-12 12:25:53,955 log 10984 29020 "GET /content/generate/06f42b4a-477a-4c7b-a97e-73aaf7d07ebc HTTP/1.1" 500 39
INFO 2026-05-12 12:27:21,432 autoreload 10984 25140 C:\Python-Projects\contentgraph_backend\content\tasks.py changed, reloading.
INFO 2026-05-12 12:27:26,211 autoreload 19104 12368 Watching for file changes with StatReloader
INFO 2026-05-12 12:27:34,970 log 19104 21068 "POST /content/generate-content HTTP/1.1" 202 71
ERROR 2026-05-12 12:27:55,244 log 19104 21068 Internal Server Error: /content/generate/94ec5a42-26e3-4b8a-872c-3447f767b580
ERROR 2026-05-12 12:27:55,246 log 19104 21068 "GET /content/generate/94ec5a42-26e3-4b8a-872c-3447f767b580 HTTP/1.1" 500 39
ERROR 2026-05-12 12:27:57,380 log 19104 21068 Internal Server Error: /content/generate/94ec5a42-26e3-4b8a-872c-3447f767b580
ERROR 2026-05-12 12:27:57,380 log 19104 21068 "GET /content/generate/94ec5a42-26e3-4b8a-872c-3447f767b580 HTTP/1.1" 500 39
WARNING 2026-05-12 12:28:47,504 log 19104 21068 Unauthorized: /content/generate-content
WARNING 2026-05-12 12:28:47,505 log 19104 21068 "POST /content/generate-content HTTP/1.1" 401 183
INFO 2026-05-12 12:28:58,317 views 19104 21068 User logged in: nikitasaxena43@gmail.com
INFO 2026-05-12 12:28:58,325 log 19104 21068 "POST /auth/signin HTTP/1.1" 200 672
INFO 2026-05-12 12:29:24,932 log 19104 21068 "POST /content/generate-content HTTP/1.1" 202 71
WARNING 2026-05-12 12:29:48,474 log 19104 21068 Unauthorized: /content/generate/0dcf2782-bafe-4f19-ac4f-d795147d252a
WARNING 2026-05-12 12:29:48,474 log 19104 21068 "GET /content/generate/0dcf2782-bafe-4f19-ac4f-d795147d252a HTTP/1.1" 401 183
ERROR 2026-05-12 12:30:21,762 log 19104 21068 Internal Server Error: /content/generate/0dcf2782-bafe-4f19-ac4f-d795147d252a
ERROR 2026-05-12 12:30:21,762 log 19104 21068 "GET /content/generate/0dcf2782-bafe-4f19-ac4f-d795147d252a HTTP/1.1" 500 39
ERROR 2026-05-12 12:30:24,343 log 19104 21068 Internal Server Error: /content/generate/0dcf2782-bafe-4f19-ac4f-d795147d252a
ERROR 2026-05-12 12:30:24,345 log 19104 21068 "GET /content/generate/0dcf2782-bafe-4f19-ac4f-d795147d252a HTTP/1.1" 500 39
ERROR 2026-05-12 12:31:37,546 log 19104 9916 Internal Server Error: /content/generate/0dcf2782-bafe-4f19-ac4f-d795147d252a
ERROR 2026-05-12 12:31:37,549 log 19104 9916 "GET /content/generate/0dcf2782-bafe-4f19-ac4f-d795147d252a HTTP/1.1" 500 39
ERROR 2026-05-12 12:31:40,139 log 19104 9916 Internal Server Error: /content/generate/0dcf2782-bafe-4f19-ac4f-d795147d252a
ERROR 2026-05-12 12:31:40,141 log 19104 9916 "GET /content/generate/0dcf2782-bafe-4f19-ac4f-d795147d252a HTTP/1.1" 500 39
ERROR 2026-05-12 12:31:45,237 log 19104 9916 Internal Server Error: /content/generate/0dcf2782-bafe-4f19-ac4f-d795147d252a
ERROR 2026-05-12 12:31:45,237 log 19104 9916 "GET /content/generate/0dcf2782-bafe-4f19-ac4f-d795147d252a HTTP/1.1" 500 39
INFO 2026-05-12 12:31:53,059 log 19104 9916 "POST /content/generate-content HTTP/1.1" 202 71
ERROR 2026-05-12 12:32:13,444 log 19104 9916 Internal Server Error: /content/generate/b249be44-ef1f-47f6-85f1-1aed4d169a22
ERROR 2026-05-12 12:32:13,448 log 19104 9916 "GET /content/generate/b249be44-ef1f-47f6-85f1-1aed4d169a22 HTTP/1.1" 500 51
INFO 2026-05-12 12:33:05,054 autoreload 19104 12368 C:\Python-Projects\contentgraph_backend\content\tasks.py changed, reloading.
INFO 2026-05-12 12:33:08,809 autoreload 34420 34180 Watching for file changes with StatReloader
INFO 2026-05-12 12:33:41,890 log 34420 6488 "POST /content/generate-content HTTP/1.1" 202 71
WARNING 2026-05-12 12:34:01,100 log 34420 6488 Unauthorized: /content/generate/1dec1bd1-c89c-4235-b3eb-807b578c187e
WARNING 2026-05-12 12:34:01,103 log 34420 6488 "GET /content/generate/1dec1bd1-c89c-4235-b3eb-807b578c187e HTTP/1.1" 401 183
INFO 2026-05-12 12:34:10,022 views 34420 6488 User logged in: nikitasaxena43@gmail.com
INFO 2026-05-12 12:34:10,022 log 34420 6488 "POST /auth/signin HTTP/1.1" 200 672
ERROR 2026-05-12 12:34:32,517 log 34420 6488 Internal Server Error: /content/generate/1dec1bd1-c89c-4235-b3eb-807b578c187e
Traceback (most recent call last):
  File "C:\Myenv\Lib\site-packages\django\core\handlers\exception.py", line 55, in inner
    response = get_response(request)
               ^^^^^^^^^^^^^^^^^^^^^
  File "C:\Myenv\Lib\site-packages\django\core\handlers\base.py", line 198, in _get_response
    response = wrapped_callback(request, *callback_args, **callback_kwargs)
               ^^^^^^^^^^^^^^^^^^^^^^^^^^^^^^^^^^^^^^^^^^^^^^^^^^^^^^^^^^^^
  File "C:\Myenv\Lib\site-packages\django\views\decorators\csrf.py", line 65, in _view_wrapper
    return view_func(request, *args, **kwargs)
           ^^^^^^^^^^^^^^^^^^^^^^^^^^^^^^^^^^^
  File "C:\Myenv\Lib\site-packages\django\views\generic\base.py", line 106, in view
    return self.dispatch(request, *args, **kwargs)
           ^^^^^^^^^^^^^^^^^^^^^^^^^^^^^^^^^^^^^^^
  File "C:\Myenv\Lib\site-packages\rest_framework\views.py", line 509, in dispatch
    response = self.handle_exception(exc)
               ^^^^^^^^^^^^^^^^^^^^^^^^^^
  File "C:\Myenv\Lib\site-packages\rest_framework\views.py", line 469, in handle_exception
    self.raise_uncaught_exception(exc)
  File "C:\Myenv\Lib\site-packages\rest_framework\views.py", line 480, in raise_uncaught_exception
    raise exc
  File "C:\Myenv\Lib\site-packages\rest_framework\views.py", line 506, in dispatch
    response = handler(request, *args, **kwargs)
               ^^^^^^^^^^^^^^^^^^^^^^^^^^^^^^^^^
  File "C:\Python-Projects\contentgraph_backend\content\views.py", line 103, in get
    ai_result = AIResult.objects.get(request=meta.product)
                                             ^^^^^^^^^^^^
AttributeError: 'CeleryTaskMeta' object has no attribute 'product'
ERROR 2026-05-12 12:34:32,537 log 34420 6488 "GET /content/generate/1dec1bd1-c89c-4235-b3eb-807b578c187e HTTP/1.1" 500 102754
INFO 2026-05-12 12:36:25,456 autoreload 34420 34180 C:\Python-Projects\contentgraph_backend\content\views.py changed, reloading.
INFO 2026-05-12 12:36:30,844 autoreload 14016 26804 Watching for file changes with StatReloader
ERROR 2026-05-12 12:36:39,915 log 14016 20828 Internal Server Error: /content/generate/1dec1bd1-c89c-4235-b3eb-807b578c187e
Traceback (most recent call last):
  File "C:\Myenv\Lib\site-packages\django\core\handlers\exception.py", line 55, in inner
    response = get_response(request)
               ^^^^^^^^^^^^^^^^^^^^^
  File "C:\Myenv\Lib\site-packages\django\core\handlers\base.py", line 198, in _get_response
    response = wrapped_callback(request, *callback_args, **callback_kwargs)
               ^^^^^^^^^^^^^^^^^^^^^^^^^^^^^^^^^^^^^^^^^^^^^^^^^^^^^^^^^^^^
  File "C:\Myenv\Lib\site-packages\django\views\decorators\csrf.py", line 65, in _view_wrapper
    return view_func(request, *args, **kwargs)
           ^^^^^^^^^^^^^^^^^^^^^^^^^^^^^^^^^^^
  File "C:\Myenv\Lib\site-packages\django\views\generic\base.py", line 106, in view
    return self.dispatch(request, *args, **kwargs)
           ^^^^^^^^^^^^^^^^^^^^^^^^^^^^^^^^^^^^^^^
  File "C:\Myenv\Lib\site-packages\rest_framework\views.py", line 509, in dispatch
    response = self.handle_exception(exc)
               ^^^^^^^^^^^^^^^^^^^^^^^^^^
  File "C:\Myenv\Lib\site-packages\rest_framework\views.py", line 469, in handle_exception
    self.raise_uncaught_exception(exc)
  File "C:\Myenv\Lib\site-packages\rest_framework\views.py", line 480, in raise_uncaught_exception
    raise exc
  File "C:\Myenv\Lib\site-packages\rest_framework\views.py", line 506, in dispatch
    response = handler(request, *args, **kwargs)
               ^^^^^^^^^^^^^^^^^^^^^^^^^^^^^^^^^
  File "C:\Python-Projects\contentgraph_backend\content\views.py", line 103, in get
    ai_result = AIResult.objects.get(request=meta.product_name)
                                             ^^^^^^^^^^^^^^^^^
AttributeError: 'CeleryTaskMeta' object has no attribute 'product_name'
ERROR 2026-05-12 12:36:39,921 log 14016 20828 "GET /content/generate/1dec1bd1-c89c-4235-b3eb-807b578c187e HTTP/1.1" 500 102804
INFO 2026-05-12 12:37:16,826 autoreload 14016 26804 C:\Python-Projects\contentgraph_backend\content\views.py changed, reloading.
INFO 2026-05-12 12:37:20,914 autoreload 42976 40792 Watching for file changes with StatReloader
WARNING 2026-05-12 12:37:30,086 log 42976 13700 Not Found: /content/generate/1dec1bd1-c89c-4235-b3eb-807b578c187e
WARNING 2026-05-12 12:37:30,086 log 42976 13700 "GET /content/generate/1dec1bd1-c89c-4235-b3eb-807b578c187e HTTP/1.1" 404 49
WARNING 2026-05-12 12:37:33,798 log 42976 13700 Not Found: /content/generate/1dec1bd1-c89c-4235-b3eb-807b578c187e
WARNING 2026-05-12 12:37:33,800 log 42976 13700 "GET /content/generate/1dec1bd1-c89c-4235-b3eb-807b578c187e HTTP/1.1" 404 49
INFO 2026-05-12 12:53:41,517 autoreload 42976 40792 C:\Python-Projects\contentgraph_backend\content\views.py changed, reloading.
INFO 2026-05-12 12:53:47,081 autoreload 15784 21364 Watching for file changes with StatReloader
WARNING 2026-05-12 12:53:54,916 log 15784 36836 Unauthorized: /content/generate/1dec1bd1-c89c-4235-b3eb-807b578c187e
WARNING 2026-05-12 12:53:54,918 log 15784 36836 "GET /content/generate/1dec1bd1-c89c-4235-b3eb-807b578c187e HTTP/1.1" 401 183
INFO 2026-05-12 12:54:03,101 views 15784 36836 User logged in: nikitasaxena43@gmail.com
INFO 2026-05-12 12:54:03,105 log 15784 36836 "POST /auth/signin HTTP/1.1" 200 672
ERROR 2026-05-12 12:54:28,446 log 15784 36836 Internal Server Error: /content/generate/1dec1bd1-c89c-4235-b3eb-807b578c187e
Traceback (most recent call last):
  File "C:\Myenv\Lib\site-packages\django\core\handlers\exception.py", line 55, in inner
    response = get_response(request)
               ^^^^^^^^^^^^^^^^^^^^^
  File "C:\Myenv\Lib\site-packages\django\core\handlers\base.py", line 198, in _get_response
    response = wrapped_callback(request, *callback_args, **callback_kwargs)
               ^^^^^^^^^^^^^^^^^^^^^^^^^^^^^^^^^^^^^^^^^^^^^^^^^^^^^^^^^^^^
  File "C:\Myenv\Lib\site-packages\django\views\decorators\csrf.py", line 65, in _view_wrapper
    return view_func(request, *args, **kwargs)
           ^^^^^^^^^^^^^^^^^^^^^^^^^^^^^^^^^^^
  File "C:\Myenv\Lib\site-packages\django\views\generic\base.py", line 106, in view
    return self.dispatch(request, *args, **kwargs)
           ^^^^^^^^^^^^^^^^^^^^^^^^^^^^^^^^^^^^^^^
  File "C:\Myenv\Lib\site-packages\rest_framework\views.py", line 509, in dispatch
    response = self.handle_exception(exc)
               ^^^^^^^^^^^^^^^^^^^^^^^^^^
  File "C:\Myenv\Lib\site-packages\rest_framework\views.py", line 469, in handle_exception
    self.raise_uncaught_exception(exc)
  File "C:\Myenv\Lib\site-packages\rest_framework\views.py", line 480, in raise_uncaught_exception
    raise exc
  File "C:\Myenv\Lib\site-packages\rest_framework\views.py", line 506, in dispatch
    response = handler(request, *args, **kwargs)
               ^^^^^^^^^^^^^^^^^^^^^^^^^^^^^^^^^
  File "C:\Python-Projects\contentgraph_backend\content\views.py", line 109, in get
    "meta_title": ai_result.meta_title,
                  ^^^^^^^^^^^^^^^^^^^^
AttributeError: 'AIResult' object has no attribute 'meta_title'. Did you mean: 'seo_title'?
ERROR 2026-05-12 12:54:28,456 log 15784 36836 "GET /content/generate/1dec1bd1-c89c-4235-b3eb-807b578c187e HTTP/1.1" 500 103097
ERROR 2026-05-12 12:55:00,196 log 15784 36836 Internal Server Error: /content/generate/1dec1bd1-c89c-4235-b3eb-807b578c187e
Traceback (most recent call last):
  File "C:\Myenv\Lib\site-packages\django\core\handlers\exception.py", line 55, in inner
    response = get_response(request)
               ^^^^^^^^^^^^^^^^^^^^^
  File "C:\Myenv\Lib\site-packages\django\core\handlers\base.py", line 198, in _get_response
    response = wrapped_callback(request, *callback_args, **callback_kwargs)
               ^^^^^^^^^^^^^^^^^^^^^^^^^^^^^^^^^^^^^^^^^^^^^^^^^^^^^^^^^^^^
  File "C:\Myenv\Lib\site-packages\django\views\decorators\csrf.py", line 65, in _view_wrapper
    return view_func(request, *args, **kwargs)
           ^^^^^^^^^^^^^^^^^^^^^^^^^^^^^^^^^^^
  File "C:\Myenv\Lib\site-packages\django\views\generic\base.py", line 106, in view
    return self.dispatch(request, *args, **kwargs)
           ^^^^^^^^^^^^^^^^^^^^^^^^^^^^^^^^^^^^^^^
  File "C:\Myenv\Lib\site-packages\rest_framework\views.py", line 509, in dispatch
    response = self.handle_exception(exc)
               ^^^^^^^^^^^^^^^^^^^^^^^^^^
  File "C:\Myenv\Lib\site-packages\rest_framework\views.py", line 469, in handle_exception
    self.raise_uncaught_exception(exc)
  File "C:\Myenv\Lib\site-packages\rest_framework\views.py", line 480, in raise_uncaught_exception
    raise exc
  File "C:\Myenv\Lib\site-packages\rest_framework\views.py", line 506, in dispatch
    response = handler(request, *args, **kwargs)
               ^^^^^^^^^^^^^^^^^^^^^^^^^^^^^^^^^
  File "C:\Python-Projects\contentgraph_backend\content\views.py", line 109, in get
    "meta_title": ai_result.meta_title,
                  ^^^^^^^^^^^^^^^^^^^^
AttributeError: 'AIResult' object has no attribute 'meta_title'. Did you mean: 'seo_title'?
ERROR 2026-05-12 12:55:00,202 log 15784 36836 "GET /content/generate/1dec1bd1-c89c-4235-b3eb-807b578c187e HTTP/1.1" 500 103097
INFO 2026-05-12 12:55:06,669 autoreload 15784 21364 C:\Python-Projects\contentgraph_backend\content\views.py changed, reloading.
INFO 2026-05-12 12:55:22,175 autoreload 34528 18288 Watching for file changes with StatReloader
INFO 2026-05-12 12:55:51,318 autoreload 34528 18288 C:\Python-Projects\contentgraph_backend\content\tasks.py changed, reloading.
INFO 2026-05-12 12:55:54,237 autoreload 32648 32000 Watching for file changes with StatReloader
INFO 2026-05-12 12:56:12,934 autoreload 32648 32000 C:\Python-Projects\contentgraph_backend\content\tasks.py changed, reloading.
INFO 2026-05-12 12:56:15,925 autoreload 20264 23532 Watching for file changes with StatReloader
INFO 2026-05-12 12:56:26,558 log 20264 37908 "GET /content/generate/1dec1bd1-c89c-4235-b3eb-807b578c187e HTTP/1.1" 200 568
INFO 2026-05-12 12:59:15,783 autoreload 20264 23532 C:\Python-Projects\contentgraph_backend\content\tasks.py changed, reloading.
INFO 2026-05-12 12:59:51,435 autoreload 21124 42508 Watching for file changes with StatReloader
INFO 2026-05-12 13:00:47,458 autoreload 21124 42508 C:\Python-Projects\contentgraph_backend\content\views.py changed, reloading.
INFO 2026-05-12 13:00:52,147 autoreload 2008 25916 Watching for file changes with StatReloader
INFO 2026-05-12 13:02:19,999 autoreload 2008 25916 C:\Python-Projects\contentgraph_backend\content\views.py changed, reloading.
INFO 2026-05-12 13:02:51,863 autoreload 32084 31124 Watching for file changes with StatReloader
INFO 2026-05-12 16:42:43,974 autoreload 32084 31124 C:\Python-Projects\contentgraph_backend\content\views.py changed, reloading.
INFO 2026-05-12 16:42:53,801 autoreload 30308 18276 Watching for file changes with StatReloader
INFO 2026-05-12 16:44:43,789 autoreload 30308 18276 C:\Python-Projects\contentgraph_backend\content\views.py changed, reloading.
INFO 2026-05-12 16:44:47,173 autoreload 8144 19268 Watching for file changes with StatReloader
INFO 2026-05-12 16:45:47,014 autoreload 8144 19268 C:\Python-Projects\contentgraph_backend\content\views.py changed, reloading.
INFO 2026-05-12 16:45:49,600 autoreload 33300 9988 Watching for file changes with StatReloader
INFO 2026-05-12 16:46:09,581 autoreload 33300 9988 C:\Python-Projects\contentgraph_backend\content\views.py changed, reloading.
INFO 2026-05-12 16:46:12,905 autoreload 42016 11328 Watching for file changes with StatReloader
INFO 2026-05-12 17:06:15,470 autoreload 42016 11328 C:\Python-Projects\contentgraph_backend\content\views.py changed, reloading.
INFO 2026-05-12 17:06:21,424 autoreload 42800 25988 Watching for file changes with StatReloader
INFO 2026-05-12 17:32:24,573 autoreload 42800 25988 C:\Python-Projects\contentgraph_backend\content\models.py changed, reloading.
INFO 2026-05-12 17:32:29,599 autoreload 19936 21956 Watching for file changes with StatReloader
INFO 2026-05-13 10:38:06,092 autoreload 13724 6720 Watching for file changes with StatReloader
INFO 2026-05-13 11:08:22,035 autoreload 13724 6720 C:\Python-Projects\contentgraph_backend\content\views.py changed, reloading.
INFO 2026-05-13 11:08:26,455 autoreload 8992 27368 Watching for file changes with StatReloader
INFO 2026-05-13 11:08:36,820 autoreload 8992 27368 C:\Python-Projects\contentgraph_backend\content\views.py changed, reloading.
INFO 2026-05-13 11:08:39,799 autoreload 26340 30416 Watching for file changes with StatReloader
INFO 2026-05-13 11:14:52,717 autoreload 18968 13556 Watching for file changes with StatReloader
INFO 2026-05-13 11:15:16,144 autoreload 18968 13556 C:\Python-Projects\contentgraph_backend\content\views.py changed, reloading.
INFO 2026-05-13 11:15:23,835 autoreload 10460 27360 Watching for file changes with StatReloader
WARNING 2026-05-13 11:22:31,901 log 10460 5904 Method Not Allowed: /content/upload-file
WARNING 2026-05-13 11:22:31,905 log 10460 5904 "GET /content/upload-file HTTP/1.1" 405 40
ERROR 2026-05-13 11:22:40,137 log 10460 5904 Internal Server Error: /content/upload-file
Traceback (most recent call last):
  File "C:\Myenv\Lib\site-packages\django\core\handlers\exception.py", line 55, in inner
    response = get_response(request)
               ^^^^^^^^^^^^^^^^^^^^^
  File "C:\Myenv\Lib\site-packages\django\core\handlers\base.py", line 198, in _get_response
    response = wrapped_callback(request, *callback_args, **callback_kwargs)
               ^^^^^^^^^^^^^^^^^^^^^^^^^^^^^^^^^^^^^^^^^^^^^^^^^^^^^^^^^^^^
  File "C:\Myenv\Lib\site-packages\django\views\decorators\csrf.py", line 65, in _view_wrapper
    return view_func(request, *args, **kwargs)
           ^^^^^^^^^^^^^^^^^^^^^^^^^^^^^^^^^^^
  File "C:\Myenv\Lib\site-packages\django\views\generic\base.py", line 106, in view
    return self.dispatch(request, *args, **kwargs)
           ^^^^^^^^^^^^^^^^^^^^^^^^^^^^^^^^^^^^^^^
  File "C:\Myenv\Lib\site-packages\rest_framework\views.py", line 509, in dispatch
    response = self.handle_exception(exc)
               ^^^^^^^^^^^^^^^^^^^^^^^^^^
  File "C:\Myenv\Lib\site-packages\rest_framework\views.py", line 469, in handle_exception
    self.raise_uncaught_exception(exc)
  File "C:\Myenv\Lib\site-packages\rest_framework\views.py", line 480, in raise_uncaught_exception
    raise exc
  File "C:\Myenv\Lib\site-packages\rest_framework\views.py", line 506, in dispatch
    response = handler(request, *args, **kwargs)
               ^^^^^^^^^^^^^^^^^^^^^^^^^^^^^^^^^
  File "C:\Python-Projects\contentgraph_backend\content\views.py", line 118, in post
    status=BulkJob.status.PENDING,
           ^^^^^^^^^^^^^^^^^^^^^^
AttributeError: 'DeferredAttribute' object has no attribute 'PENDING'
ERROR 2026-05-13 11:22:40,151 log 10460 5904 "POST /content/upload-file HTTP/1.1" 500 102055
INFO 2026-05-13 11:23:07,145 autoreload 10460 27360 C:\Python-Projects\contentgraph_backend\content\views.py changed, reloading.
INFO 2026-05-13 11:23:11,165 autoreload 28020 13652 Watching for file changes with StatReloader
ERROR 2026-05-13 11:23:16,262 log 28020 15216 Internal Server Error: /content/upload-file
Traceback (most recent call last):
  File "C:\Myenv\Lib\site-packages\django\core\handlers\exception.py", line 55, in inner
    response = get_response(request)
               ^^^^^^^^^^^^^^^^^^^^^
  File "C:\Myenv\Lib\site-packages\django\core\handlers\base.py", line 198, in _get_response
    response = wrapped_callback(request, *callback_args, **callback_kwargs)
               ^^^^^^^^^^^^^^^^^^^^^^^^^^^^^^^^^^^^^^^^^^^^^^^^^^^^^^^^^^^^
  File "C:\Myenv\Lib\site-packages\django\views\decorators\csrf.py", line 65, in _view_wrapper
    return view_func(request, *args, **kwargs)
           ^^^^^^^^^^^^^^^^^^^^^^^^^^^^^^^^^^^
  File "C:\Myenv\Lib\site-packages\django\views\generic\base.py", line 106, in view
    return self.dispatch(request, *args, **kwargs)
           ^^^^^^^^^^^^^^^^^^^^^^^^^^^^^^^^^^^^^^^
  File "C:\Myenv\Lib\site-packages\rest_framework\views.py", line 509, in dispatch
    response = self.handle_exception(exc)
               ^^^^^^^^^^^^^^^^^^^^^^^^^^
  File "C:\Myenv\Lib\site-packages\rest_framework\views.py", line 469, in handle_exception
    self.raise_uncaught_exception(exc)
  File "C:\Myenv\Lib\site-packages\rest_framework\views.py", line 480, in raise_uncaught_exception
    raise exc
  File "C:\Myenv\Lib\site-packages\rest_framework\views.py", line 506, in dispatch
    response = handler(request, *args, **kwargs)
               ^^^^^^^^^^^^^^^^^^^^^^^^^^^^^^^^^
  File "C:\Python-Projects\contentgraph_backend\content\views.py", line 118, in post
    status=BulkJob.status.Pending,
           ^^^^^^^^^^^^^^^^^^^^^^
AttributeError: 'DeferredAttribute' object has no attribute 'Pending'
ERROR 2026-05-13 11:23:16,272 log 28020 15216 "POST /content/upload-file HTTP/1.1" 500 102055
INFO 2026-05-13 11:23:31,105 autoreload 28020 13652 C:\Python-Projects\contentgraph_backend\content\views.py changed, reloading.
INFO 2026-05-13 11:23:34,197 autoreload 9944 3188 Watching for file changes with StatReloader
ERROR 2026-05-13 11:23:41,210 log 9944 23576 Internal Server Error: /content/upload-file
Traceback (most recent call last):
  File "C:\Myenv\Lib\site-packages\django\core\handlers\exception.py", line 55, in inner
    response = get_response(request)
               ^^^^^^^^^^^^^^^^^^^^^
  File "C:\Myenv\Lib\site-packages\django\core\handlers\base.py", line 198, in _get_response
    response = wrapped_callback(request, *callback_args, **callback_kwargs)
               ^^^^^^^^^^^^^^^^^^^^^^^^^^^^^^^^^^^^^^^^^^^^^^^^^^^^^^^^^^^^
  File "C:\Myenv\Lib\site-packages\django\views\decorators\csrf.py", line 65, in _view_wrapper
    return view_func(request, *args, **kwargs)
           ^^^^^^^^^^^^^^^^^^^^^^^^^^^^^^^^^^^
  File "C:\Myenv\Lib\site-packages\django\views\generic\base.py", line 106, in view
    return self.dispatch(request, *args, **kwargs)
           ^^^^^^^^^^^^^^^^^^^^^^^^^^^^^^^^^^^^^^^
  File "C:\Myenv\Lib\site-packages\rest_framework\views.py", line 509, in dispatch
    response = self.handle_exception(exc)
               ^^^^^^^^^^^^^^^^^^^^^^^^^^
  File "C:\Myenv\Lib\site-packages\rest_framework\views.py", line 469, in handle_exception
    self.raise_uncaught_exception(exc)
  File "C:\Myenv\Lib\site-packages\rest_framework\views.py", line 480, in raise_uncaught_exception
    raise exc
  File "C:\Myenv\Lib\site-packages\rest_framework\views.py", line 506, in dispatch
    response = handler(request, *args, **kwargs)
               ^^^^^^^^^^^^^^^^^^^^^^^^^^^^^^^^^
  File "C:\Python-Projects\contentgraph_backend\content\views.py", line 117, in post
    job = BulkJob.objects.create(
          ^^^^^^^^^^^^^^^^^^^^^^^
  File "C:\Myenv\Lib\site-packages\django\db\models\manager.py", line 87, in manager_method
    return getattr(self.get_queryset(), name)(*args, **kwargs)
           ^^^^^^^^^^^^^^^^^^^^^^^^^^^^^^^^^^^^^^^^^^^^^^^^^^^
  File "C:\Myenv\Lib\site-packages\django\db\models\query.py", line 667, in create
    obj = self.model(**kwargs)
          ^^^^^^^^^^^^^^^^^^^^
  File "C:\Myenv\Lib\site-packages\django\db\models\base.py", line 566, in __init__
    _setattr(self, field.name, rel_obj)
  File "C:\Myenv\Lib\site-packages\django\db\models\fields\related_descriptors.py", line 287, in __set__
    raise ValueError(
ValueError: Cannot assign "<django.contrib.auth.models.AnonymousUser object at 0x00000234C624EFF0>": "BulkJob.user" must be a "User" instance.
ERROR 2026-05-13 11:23:41,233 log 9944 23576 "POST /content/upload-file HTTP/1.1" 500 121263
INFO 2026-05-13 11:25:17,984 autoreload 9944 3188 C:\Python-Projects\contentgraph_backend\content\views.py changed, reloading.
INFO 2026-05-13 11:25:21,147 autoreload 25372 22640 Watching for file changes with StatReloader
WARNING 2026-05-13 11:25:31,291 log 25372 28316 Unauthorized: /content/upload-file
WARNING 2026-05-13 11:25:31,291 log 25372 28316 "POST /content/upload-file HTTP/1.1" 401 58
WARNING 2026-05-13 11:25:39,982 log 25372 28316 Unauthorized: /content/generate/1dec1bd1-c89c-4235-b3eb-807b578c187e
WARNING 2026-05-13 11:25:39,982 log 25372 28316 "GET /content/generate/1dec1bd1-c89c-4235-b3eb-807b578c187e HTTP/1.1" 401 183
INFO 2026-05-13 11:25:49,659 views 25372 28316 User logged in: nikitasaxena43@gmail.com
INFO 2026-05-13 11:25:49,659 log 25372 28316 "POST /auth/signin HTTP/1.1" 200 672
ERROR 2026-05-13 11:26:19,004 log 25372 28316 Internal Server Error: /content/upload-file
Traceback (most recent call last):
  File "C:\Python-Projects\contentgraph_backend\content\views.py", line 126, in post
    s3.upload_fileobj(
  File "C:\Myenv\Lib\site-packages\botocore\context.py", line 123, in wrapper
    return func(*args, **kwargs)
           ^^^^^^^^^^^^^^^^^^^^^
  File "C:\Myenv\Lib\site-packages\boto3\s3\inject.py", line 678, in upload_fileobj
    return future.result()
           ^^^^^^^^^^^^^^^
  File "C:\Myenv\Lib\site-packages\s3transfer\futures.py", line 111, in result
    return self._coordinator.result()
           ^^^^^^^^^^^^^^^^^^^^^^^^^^
  File "C:\Myenv\Lib\site-packages\s3transfer\futures.py", line 287, in result
    raise self._exception
  File "C:\Myenv\Lib\site-packages\s3transfer\tasks.py", line 142, in __call__
    return self._execute_main(kwargs)
           ^^^^^^^^^^^^^^^^^^^^^^^^^^
  File "C:\Myenv\Lib\site-packages\s3transfer\tasks.py", line 165, in _execute_main
    return_value = self._main(**kwargs)
                   ^^^^^^^^^^^^^^^^^^^^
  File "C:\Myenv\Lib\site-packages\s3transfer\upload.py", line 796, in _main
    client.put_object(Bucket=bucket, Key=key, Body=body, **extra_args)
  File "C:\Myenv\Lib\site-packages\botocore\client.py", line 606, in _api_call
    return self._make_api_call(operation_name, kwargs)
           ^^^^^^^^^^^^^^^^^^^^^^^^^^^^^^^^^^^^^^^^^^^
  File "C:\Myenv\Lib\site-packages\botocore\context.py", line 123, in wrapper
    return func(*args, **kwargs)
           ^^^^^^^^^^^^^^^^^^^^^
  File "C:\Myenv\Lib\site-packages\botocore\client.py", line 1076, in _make_api_call
    http, parsed_response = self._make_request(
                            ^^^^^^^^^^^^^^^^^^^
  File "C:\Myenv\Lib\site-packages\botocore\client.py", line 1100, in _make_request
    return self._endpoint.make_request(operation_model, request_dict)
           ^^^^^^^^^^^^^^^^^^^^^^^^^^^^^^^^^^^^^^^^^^^^^^^^^^^^^^^^^^
  File "C:\Myenv\Lib\site-packages\botocore\endpoint.py", line 119, in make_request
    return self._send_request(request_dict, operation_model)
           ^^^^^^^^^^^^^^^^^^^^^^^^^^^^^^^^^^^^^^^^^^^^^^^^^
  File "C:\Myenv\Lib\site-packages\botocore\endpoint.py", line 196, in _send_request
    request = self.create_request(request_dict, operation_model)
              ^^^^^^^^^^^^^^^^^^^^^^^^^^^^^^^^^^^^^^^^^^^^^^^^^^
  File "C:\Myenv\Lib\site-packages\botocore\endpoint.py", line 132, in create_request
    self._event_emitter.emit(
  File "C:\Myenv\Lib\site-packages\botocore\hooks.py", line 412, in emit
    return self._emitter.emit(aliased_event_name, **kwargs)
           ^^^^^^^^^^^^^^^^^^^^^^^^^^^^^^^^^^^^^^^^^^^^^^^^
  File "C:\Myenv\Lib\site-packages\botocore\hooks.py", line 256, in emit
    return self._emit(event_name, kwargs)
           ^^^^^^^^^^^^^^^^^^^^^^^^^^^^^^
  File "C:\Myenv\Lib\site-packages\botocore\hooks.py", line 239, in _emit
    response = handler(**kwargs)
               ^^^^^^^^^^^^^^^^^
  File "C:\Myenv\Lib\site-packages\botocore\signers.py", line 108, in handler
    return self.sign(operation_name, request)
           ^^^^^^^^^^^^^^^^^^^^^^^^^^^^^^^^^^
  File "C:\Myenv\Lib\site-packages\botocore\signers.py", line 200, in sign
    auth.add_auth(request)
  File "C:\Myenv\Lib\site-packages\botocore\auth.py", line 429, in add_auth
    raise NoCredentialsError()
botocore.exceptions.NoCredentialsError: Unable to locate credentials

During handling of the above exception, another exception occurred:

Traceback (most recent call last):
  File "C:\Myenv\Lib\site-packages\django\core\handlers\exception.py", line 55, in inner
    response = get_response(request)
               ^^^^^^^^^^^^^^^^^^^^^
  File "C:\Myenv\Lib\site-packages\django\core\handlers\base.py", line 198, in _get_response
    response = wrapped_callback(request, *callback_args, **callback_kwargs)
               ^^^^^^^^^^^^^^^^^^^^^^^^^^^^^^^^^^^^^^^^^^^^^^^^^^^^^^^^^^^^
  File "C:\Myenv\Lib\site-packages\django\views\decorators\csrf.py", line 65, in _view_wrapper
    return view_func(request, *args, **kwargs)
           ^^^^^^^^^^^^^^^^^^^^^^^^^^^^^^^^^^^
  File "C:\Myenv\Lib\site-packages\django\views\generic\base.py", line 106, in view
    return self.dispatch(request, *args, **kwargs)
           ^^^^^^^^^^^^^^^^^^^^^^^^^^^^^^^^^^^^^^^
  File "C:\Myenv\Lib\site-packages\rest_framework\views.py", line 509, in dispatch
    response = self.handle_exception(exc)
               ^^^^^^^^^^^^^^^^^^^^^^^^^^
  File "C:\Myenv\Lib\site-packages\rest_framework\views.py", line 469, in handle_exception
    self.raise_uncaught_exception(exc)
  File "C:\Myenv\Lib\site-packages\rest_framework\views.py", line 480, in raise_uncaught_exception
    raise exc
  File "C:\Myenv\Lib\site-packages\rest_framework\views.py", line 506, in dispatch
    response = handler(request, *args, **kwargs)
               ^^^^^^^^^^^^^^^^^^^^^^^^^^^^^^^^^
  File "C:\Python-Projects\contentgraph_backend\content\views.py", line 133, in post
    job.status = BulkJob.Status.FAILED
                 ^^^^^^^^^^^^^^
AttributeError: type object 'BulkJob' has no attribute 'Status'. Did you mean: 'status'?
ERROR 2026-05-13 11:26:19,019 log 25372 28316 "POST /content/upload-file HTTP/1.1" 500 224435
INFO 2026-05-13 11:26:56,270 autoreload 25372 22640 C:\Python-Projects\contentgraph_backend\content\views.py changed, reloading.
INFO 2026-05-13 11:26:59,295 autoreload 2180 26492 Watching for file changes with StatReloader
ERROR 2026-05-13 11:27:13,867 log 2180 12224 Internal Server Error: /content/upload-file
Traceback (most recent call last):
  File "C:\Python-Projects\contentgraph_backend\content\views.py", line 126, in post
    s3.upload_fileobj(
  File "C:\Myenv\Lib\site-packages\botocore\context.py", line 123, in wrapper
    return func(*args, **kwargs)
           ^^^^^^^^^^^^^^^^^^^^^
  File "C:\Myenv\Lib\site-packages\boto3\s3\inject.py", line 678, in upload_fileobj
    return future.result()
           ^^^^^^^^^^^^^^^
  File "C:\Myenv\Lib\site-packages\s3transfer\futures.py", line 111, in result
    return self._coordinator.result()
           ^^^^^^^^^^^^^^^^^^^^^^^^^^
  File "C:\Myenv\Lib\site-packages\s3transfer\futures.py", line 287, in result
    raise self._exception
  File "C:\Myenv\Lib\site-packages\s3transfer\tasks.py", line 142, in __call__
    return self._execute_main(kwargs)
           ^^^^^^^^^^^^^^^^^^^^^^^^^^
  File "C:\Myenv\Lib\site-packages\s3transfer\tasks.py", line 165, in _execute_main
    return_value = self._main(**kwargs)
                   ^^^^^^^^^^^^^^^^^^^^
  File "C:\Myenv\Lib\site-packages\s3transfer\upload.py", line 796, in _main
    client.put_object(Bucket=bucket, Key=key, Body=body, **extra_args)
  File "C:\Myenv\Lib\site-packages\botocore\client.py", line 606, in _api_call
    return self._make_api_call(operation_name, kwargs)
           ^^^^^^^^^^^^^^^^^^^^^^^^^^^^^^^^^^^^^^^^^^^
  File "C:\Myenv\Lib\site-packages\botocore\context.py", line 123, in wrapper
    return func(*args, **kwargs)
           ^^^^^^^^^^^^^^^^^^^^^
  File "C:\Myenv\Lib\site-packages\botocore\client.py", line 1076, in _make_api_call
    http, parsed_response = self._make_request(
                            ^^^^^^^^^^^^^^^^^^^
  File "C:\Myenv\Lib\site-packages\botocore\client.py", line 1100, in _make_request
    return self._endpoint.make_request(operation_model, request_dict)
           ^^^^^^^^^^^^^^^^^^^^^^^^^^^^^^^^^^^^^^^^^^^^^^^^^^^^^^^^^^
  File "C:\Myenv\Lib\site-packages\botocore\endpoint.py", line 119, in make_request
    return self._send_request(request_dict, operation_model)
           ^^^^^^^^^^^^^^^^^^^^^^^^^^^^^^^^^^^^^^^^^^^^^^^^^
  File "C:\Myenv\Lib\site-packages\botocore\endpoint.py", line 196, in _send_request
    request = self.create_request(request_dict, operation_model)
              ^^^^^^^^^^^^^^^^^^^^^^^^^^^^^^^^^^^^^^^^^^^^^^^^^^
  File "C:\Myenv\Lib\site-packages\botocore\endpoint.py", line 132, in create_request
    self._event_emitter.emit(
  File "C:\Myenv\Lib\site-packages\botocore\hooks.py", line 412, in emit
    return self._emitter.emit(aliased_event_name, **kwargs)
           ^^^^^^^^^^^^^^^^^^^^^^^^^^^^^^^^^^^^^^^^^^^^^^^^
  File "C:\Myenv\Lib\site-packages\botocore\hooks.py", line 256, in emit
    return self._emit(event_name, kwargs)
           ^^^^^^^^^^^^^^^^^^^^^^^^^^^^^^
  File "C:\Myenv\Lib\site-packages\botocore\hooks.py", line 239, in _emit
    response = handler(**kwargs)
               ^^^^^^^^^^^^^^^^^
  File "C:\Myenv\Lib\site-packages\botocore\signers.py", line 108, in handler
    return self.sign(operation_name, request)
           ^^^^^^^^^^^^^^^^^^^^^^^^^^^^^^^^^^
  File "C:\Myenv\Lib\site-packages\botocore\signers.py", line 200, in sign
    auth.add_auth(request)
  File "C:\Myenv\Lib\site-packages\botocore\auth.py", line 429, in add_auth
    raise NoCredentialsError()
botocore.exceptions.NoCredentialsError: Unable to locate credentials

During handling of the above exception, another exception occurred:

Traceback (most recent call last):
  File "C:\Myenv\Lib\site-packages\django\core\handlers\exception.py", line 55, in inner
    response = get_response(request)
               ^^^^^^^^^^^^^^^^^^^^^
  File "C:\Myenv\Lib\site-packages\django\core\handlers\base.py", line 198, in _get_response
    response = wrapped_callback(request, *callback_args, **callback_kwargs)
               ^^^^^^^^^^^^^^^^^^^^^^^^^^^^^^^^^^^^^^^^^^^^^^^^^^^^^^^^^^^^
  File "C:\Myenv\Lib\site-packages\django\views\decorators\csrf.py", line 65, in _view_wrapper
    return view_func(request, *args, **kwargs)
           ^^^^^^^^^^^^^^^^^^^^^^^^^^^^^^^^^^^
  File "C:\Myenv\Lib\site-packages\django\views\generic\base.py", line 106, in view
    return self.dispatch(request, *args, **kwargs)
           ^^^^^^^^^^^^^^^^^^^^^^^^^^^^^^^^^^^^^^^
  File "C:\Myenv\Lib\site-packages\rest_framework\views.py", line 509, in dispatch
    response = self.handle_exception(exc)
               ^^^^^^^^^^^^^^^^^^^^^^^^^^
  File "C:\Myenv\Lib\site-packages\rest_framework\views.py", line 469, in handle_exception
    self.raise_uncaught_exception(exc)
  File "C:\Myenv\Lib\site-packages\rest_framework\views.py", line 480, in raise_uncaught_exception
    raise exc
  File "C:\Myenv\Lib\site-packages\rest_framework\views.py", line 506, in dispatch
    response = handler(request, *args, **kwargs)
               ^^^^^^^^^^^^^^^^^^^^^^^^^^^^^^^^^
  File "C:\Python-Projects\contentgraph_backend\content\views.py", line 133, in post
    job.status = BulkJob.status.FAILED
                 ^^^^^^^^^^^^^^^^^^^^^
AttributeError: 'DeferredAttribute' object has no attribute 'FAILED'
ERROR 2026-05-13 11:27:13,884 log 2180 12224 "POST /content/upload-file HTTP/1.1" 500 224479
INFO 2026-05-13 11:27:29,561 autoreload 2180 26492 C:\Python-Projects\contentgraph_backend\content\views.py changed, reloading.
INFO 2026-05-13 11:27:32,526 autoreload 29216 19360 Watching for file changes with StatReloader
WARNING 2026-05-13 11:27:43,367 log 29216 28236 Bad Request: /content/upload-file
WARNING 2026-05-13 11:27:43,367 log 29216 28236 "POST /content/upload-file HTTP/1.1" 400 46
INFO 2026-05-13 13:21:11,477 autoreload 29216 19360 C:\Python-Projects\contentgraph_backend\content\views.py changed, reloading.
INFO 2026-05-13 13:21:18,447 autoreload 12784 10300 Watching for file changes with StatReloader
INFO 2026-05-13 13:21:26,624 views 12784 15452 User logged in: nikitasaxena43@gmail.com
INFO 2026-05-13 13:21:26,630 log 12784 15452 "POST /auth/signin HTTP/1.1" 200 672
WARNING 2026-05-13 13:22:11,790 log 12784 15452 Bad Request: /content/upload-file
WARNING 2026-05-13 13:22:11,790 log 12784 15452 "POST /content/upload-file HTTP/1.1" 400 46
INFO 2026-05-13 13:22:47,489 autoreload 12784 10300 C:\Python-Projects\contentgraph_backend\content\views.py changed, reloading.
INFO 2026-05-13 13:22:50,238 autoreload 24560 29364 Watching for file changes with StatReloader
WARNING 2026-05-13 13:22:59,696 log 24560 1188 Bad Request: /content/upload-file
WARNING 2026-05-13 13:22:59,699 log 24560 1188 "POST /content/upload-file HTTP/1.1" 400 83
INFO 2026-05-13 13:23:30,935 autoreload 24560 29364 C:\Python-Projects\contentgraph_backend\content\views.py changed, reloading.
INFO 2026-05-13 13:23:33,656 autoreload 25160 32440 Watching for file changes with StatReloader
INFO 2026-05-13 13:23:38,385 autoreload 25160 32440 C:\Python-Projects\contentgraph_backend\content\views.py changed, reloading.
INFO 2026-05-13 13:23:40,745 autoreload 12840 22568 Watching for file changes with StatReloader
WARNING 2026-05-13 13:23:48,469 log 12840 23488 Bad Request: /content/upload-file
WARNING 2026-05-13 13:23:48,469 log 12840 23488 "POST /content/upload-file HTTP/1.1" 400 86
INFO 2026-05-13 13:23:58,629 autoreload 12840 22568 C:\Python-Projects\contentgraph_backend\content\views.py changed, reloading.
INFO 2026-05-13 13:24:01,294 autoreload 31244 30904 Watching for file changes with StatReloader
WARNING 2026-05-13 13:24:10,491 log 31244 20700 Bad Request: /content/upload-file
WARNING 2026-05-13 13:24:10,494 log 31244 20700 "POST /content/upload-file HTTP/1.1" 400 83
WARNING 2026-05-13 13:27:29,216 log 31244 1740 Unauthorized: /content/upload-file
WARNING 2026-05-13 13:27:29,216 log 31244 1740 "POST /content/upload-file HTTP/1.1" 401 183
INFO 2026-05-13 13:27:38,814 views 31244 1740 User logged in: nikitasaxena43@gmail.com
INFO 2026-05-13 13:27:38,814 log 31244 1740 "POST /auth/signin HTTP/1.1" 200 672
INFO 2026-05-13 13:27:58,953 views 31244 1740 User logged in: nikitasaxena43@gmail.com
INFO 2026-05-13 13:27:58,958 log 31244 1740 "POST /auth/signin HTTP/1.1" 200 672
WARNING 2026-05-13 13:28:13,828 log 31244 1740 Bad Request: /content/upload-file
WARNING 2026-05-13 13:28:13,829 log 31244 1740 "POST /content/upload-file HTTP/1.1" 400 83
INFO 2026-05-13 13:28:27,861 autoreload 31244 30904 C:\Python-Projects\contentgraph_backend\content\views.py changed, reloading.
INFO 2026-05-13 13:28:31,486 autoreload 22492 9908 Watching for file changes with StatReloader
INFO 2026-05-13 13:28:42,151 log 22492 27904 "POST /content/upload-file HTTP/1.1" 200 41
INFO 2026-05-13 13:34:14,506 autoreload 22492 9908 C:\Python-Projects\contentgraph_backend\content\views.py changed, reloading.
INFO 2026-05-13 13:34:17,776 autoreload 27448 31232 Watching for file changes with StatReloader
INFO 2026-05-13 13:35:41,322 autoreload 27448 31232 C:\Python-Projects\contentgraph_backend\content\views.py changed, reloading.
INFO 2026-05-13 13:35:44,140 autoreload 9720 27400 Watching for file changes with StatReloader
INFO 2026-05-14 12:13:13,365 autoreload 7516 4188 Watching for file changes with StatReloader
INFO 2026-05-14 12:18:06,892 autoreload 7516 4188 C:\python-projects\contentgraph_backend\contentgraph_backend\settings.py changed, reloading.
INFO 2026-05-14 12:18:10,152 autoreload 32996 2008 Watching for file changes with StatReloader
INFO 2026-05-14 12:26:38,148 autoreload 32996 2008 C:\python-projects\contentgraph_backend\contentgraph_backend\settings.py changed, reloading.
INFO 2026-05-14 12:26:41,295 autoreload 29604 34552 Watching for file changes with StatReloader
INFO 2026-05-14 12:29:59,579 autoreload 29604 34552 C:\python-projects\contentgraph_backend\content\views.py changed, reloading.
INFO 2026-05-14 12:30:02,305 autoreload 30648 17768 Watching for file changes with StatReloader
INFO 2026-05-14 12:31:17,763 autoreload 19772 18492 Watching for file changes with StatReloader
INFO 2026-05-14 12:33:50,143 autoreload 19772 18492 C:\python-projects\contentgraph_backend\contentgraph_backend\settings.py changed, reloading.
INFO 2026-05-14 12:33:53,312 autoreload 17832 2216 Watching for file changes with StatReloader
INFO 2026-05-14 12:34:07,147 views 17832 16248 User logged in: nikitasaxena43@gmail.com
INFO 2026-05-14 12:34:07,150 log 17832 16248 "POST /auth/signin HTTP/1.1" 200 672
ERROR 2026-05-14 12:35:02,689 log 17832 16248 Internal Server Error: /content/upload-file
Traceback (most recent call last):
  File "C:\Myenv\Lib\site-packages\django\db\backends\utils.py", line 105, in _execute
    return self.cursor.execute(sql, params)
           ^^^^^^^^^^^^^^^^^^^^^^^^^^^^^^^^
psycopg2.errors.UndefinedColumn: column "s3_key" of relation "bulk_job" does not exist
LINE 1: INSERT INTO "bulk_job" ("id", "user_id", "name", "s3_key", "...
                                                         ^


The above exception was the direct cause of the following exception:

Traceback (most recent call last):
  File "C:\Myenv\Lib\site-packages\django\core\handlers\exception.py", line 55, in inner
    response = get_response(request)
               ^^^^^^^^^^^^^^^^^^^^^
  File "C:\Myenv\Lib\site-packages\django\core\handlers\base.py", line 198, in _get_response
    response = wrapped_callback(request, *callback_args, **callback_kwargs)
               ^^^^^^^^^^^^^^^^^^^^^^^^^^^^^^^^^^^^^^^^^^^^^^^^^^^^^^^^^^^^
  File "C:\Myenv\Lib\site-packages\django\views\decorators\csrf.py", line 65, in _view_wrapper
    return view_func(request, *args, **kwargs)
           ^^^^^^^^^^^^^^^^^^^^^^^^^^^^^^^^^^^
  File "C:\Myenv\Lib\site-packages\django\views\generic\base.py", line 106, in view
    return self.dispatch(request, *args, **kwargs)
           ^^^^^^^^^^^^^^^^^^^^^^^^^^^^^^^^^^^^^^^
  File "C:\Myenv\Lib\site-packages\rest_framework\views.py", line 509, in dispatch
    response = self.handle_exception(exc)
               ^^^^^^^^^^^^^^^^^^^^^^^^^^
  File "C:\Myenv\Lib\site-packages\rest_framework\views.py", line 469, in handle_exception
    self.raise_uncaught_exception(exc)
  File "C:\Myenv\Lib\site-packages\rest_framework\views.py", line 480, in raise_uncaught_exception
    raise exc
  File "C:\Myenv\Lib\site-packages\rest_framework\views.py", line 506, in dispatch
    response = handler(request, *args, **kwargs)
               ^^^^^^^^^^^^^^^^^^^^^^^^^^^^^^^^^
  File "C:\python-projects\contentgraph_backend\content\views.py", line 123, in post
    job = BulkJob.objects.create(
          ^^^^^^^^^^^^^^^^^^^^^^^
  File "C:\Myenv\Lib\site-packages\django\db\models\manager.py", line 87, in manager_method
    return getattr(self.get_queryset(), name)(*args, **kwargs)
           ^^^^^^^^^^^^^^^^^^^^^^^^^^^^^^^^^^^^^^^^^^^^^^^^^^^
  File "C:\Myenv\Lib\site-packages\django\db\models\query.py", line 669, in create
    obj.save(force_insert=True, using=self.db)
  File "C:\Myenv\Lib\site-packages\django\db\models\base.py", line 874, in save
    self.save_base(
  File "C:\Myenv\Lib\site-packages\django\db\models\base.py", line 966, in save_base
    updated = self._save_table(
              ^^^^^^^^^^^^^^^^^
  File "C:\Myenv\Lib\site-packages\django\db\models\base.py", line 1167, in _save_table
    results = self._do_insert(
              ^^^^^^^^^^^^^^^^
  File "C:\Myenv\Lib\site-packages\django\db\models\base.py", line 1218, in _do_insert
    return manager._insert(
           ^^^^^^^^^^^^^^^^
  File "C:\Myenv\Lib\site-packages\django\db\models\manager.py", line 87, in manager_method
    return getattr(self.get_queryset(), name)(*args, **kwargs)
           ^^^^^^^^^^^^^^^^^^^^^^^^^^^^^^^^^^^^^^^^^^^^^^^^^^^
  File "C:\Myenv\Lib\site-packages\django\db\models\query.py", line 1918, in _insert
    return query.get_compiler(using=using).execute_sql(returning_fields)
           ^^^^^^^^^^^^^^^^^^^^^^^^^^^^^^^^^^^^^^^^^^^^^^^^^^^^^^^^^^^^^
  File "C:\Myenv\Lib\site-packages\django\db\models\sql\compiler.py", line 1925, in execute_sql
    cursor.execute(sql, params)
  File "C:\Myenv\Lib\site-packages\django\db\backends\utils.py", line 122, in execute
    return super().execute(sql, params)
           ^^^^^^^^^^^^^^^^^^^^^^^^^^^^
  File "C:\Myenv\Lib\site-packages\django\db\backends\utils.py", line 79, in execute
    return self._execute_with_wrappers(
           ^^^^^^^^^^^^^^^^^^^^^^^^^^^^
  File "C:\Myenv\Lib\site-packages\django\db\backends\utils.py", line 92, in _execute_with_wrappers
    return executor(sql, params, many, context)
           ^^^^^^^^^^^^^^^^^^^^^^^^^^^^^^^^^^^^
  File "C:\Myenv\Lib\site-packages\django\db\backends\utils.py", line 100, in _execute
    with self.db.wrap_database_errors:
         ^^^^^^^^^^^^^^^^^^^^^^^^^^^^
  File "C:\Myenv\Lib\site-packages\django\db\utils.py", line 94, in __exit__
    raise dj_exc_value.with_traceback(traceback) from exc_value
  File "C:\Myenv\Lib\site-packages\django\db\backends\utils.py", line 105, in _execute
    return self.cursor.execute(sql, params)
           ^^^^^^^^^^^^^^^^^^^^^^^^^^^^^^^^
django.db.utils.ProgrammingError: column "s3_key" of relation "bulk_job" does not exist
LINE 1: INSERT INTO "bulk_job" ("id", "user_id", "name", "s3_key", "...
                                                         ^

ERROR 2026-05-14 12:35:02,697 log 17832 16248 "POST /content/upload-file HTTP/1.1" 500 189231
INFO 2026-05-14 12:36:43,823 autoreload 27156 7664 Watching for file changes with StatReloader
INFO 2026-05-14 12:37:01,006 log 27156 20932 "POST /content/upload-file HTTP/1.1" 200 91
INFO 2026-05-14 12:47:37,029 views 27156 1852 User logged in: nikitasaxena43@gmail.com
INFO 2026-05-14 12:47:37,042 log 27156 1852 "POST /auth/signin HTTP/1.1" 200 672
INFO 2026-05-14 12:47:53,923 views 27156 1852 User logged in: nikitasaxena43@gmail.com
INFO 2026-05-14 12:47:53,947 log 27156 1852 "POST /auth/signin HTTP/1.1" 200 672
INFO 2026-05-14 12:48:15,463 views 27156 1852 User logged in: nikitasaxena43@gmail.com
INFO 2026-05-14 12:48:15,463 log 27156 1852 "POST /auth/signin HTTP/1.1" 200 672
INFO 2026-05-14 12:48:31,888 log 27156 1852 "POST /content/generate-content HTTP/1.1" 202 71
INFO 2026-05-14 12:49:21,723 log 27156 1852 "GET /content/generate/104358e5-a52a-42e9-aa2e-92489f38aed0 HTTP/1.1" 200 21
INFO 2026-05-14 12:49:24,173 log 27156 1852 "GET /content/generate/104358e5-a52a-42e9-aa2e-92489f38aed0 HTTP/1.1" 200 21
INFO 2026-05-14 12:49:49,294 log 27156 1852 "GET /content/generate/104358e5-a52a-42e9-aa2e-92489f38aed0 HTTP/1.1" 200 21
INFO 2026-05-14 12:49:51,421 log 27156 1852 "GET /content/generate/104358e5-a52a-42e9-aa2e-92489f38aed0 HTTP/1.1" 200 21
INFO 2026-05-14 12:51:08,415 log 27156 23316 "GET /content/generate/104358e5-a52a-42e9-aa2e-92489f38aed0 HTTP/1.1" 200 21
INFO 2026-05-14 12:51:10,468 log 27156 23316 "GET /content/generate/104358e5-a52a-42e9-aa2e-92489f38aed0 HTTP/1.1" 200 21
INFO 2026-05-14 12:51:18,759 log 27156 23316 "GET /content/generate/104358e5-a52a-42e9-aa2e-92489f38aed0 HTTP/1.1" 200 21
INFO 2026-05-14 12:52:00,543 log 27156 23316 "GET /content/generate/104358e5-a52a-42e9-aa2e-92489f38aed0 HTTP/1.1" 200 24
INFO 2026-05-14 12:52:08,490 log 27156 23316 "GET /content/generate/104358e5-a52a-42e9-aa2e-92489f38aed0 HTTP/1.1" 200 24
INFO 2026-05-14 12:52:14,165 log 27156 23316 "GET /content/generate/104358e5-a52a-42e9-aa2e-92489f38aed0 HTTP/1.1" 200 24
INFO 2026-05-14 12:52:59,217 log 27156 23316 "GET /content/generate/104358e5-a52a-42e9-aa2e-92489f38aed0 HTTP/1.1" 200 24
INFO 2026-05-14 12:53:01,468 log 27156 23316 "GET /content/generate/104358e5-a52a-42e9-aa2e-92489f38aed0 HTTP/1.1" 200 24
WARNING 2026-05-14 12:53:25,945 log 27156 23316 Unauthorized: /content/generate/104358e5-a52a-42e9-aa2e-92489f38aed0
WARNING 2026-05-14 12:53:25,947 log 27156 23316 "GET /content/generate/104358e5-a52a-42e9-aa2e-92489f38aed0 HTTP/1.1" 401 183
INFO 2026-05-14 12:53:56,237 views 27156 23316 User logged in: nikitasaxena43@gmail.com
INFO 2026-05-14 12:53:56,241 log 27156 23316 "POST /auth/signin HTTP/1.1" 200 672
ERROR 2026-05-14 12:54:19,166 log 27156 23316 Internal Server Error: /content/generate/104358e5-a52a-42e9-aa2e-92489f38aed0
ERROR 2026-05-14 12:54:19,168 log 27156 23316 "GET /content/generate/104358e5-a52a-42e9-aa2e-92489f38aed0 HTTP/1.1" 500 90
INFO 2026-05-14 12:56:18,872 autoreload 27156 7664 C:\python-projects\contentgraph_backend\content\models.py changed, reloading.
INFO 2026-05-14 12:56:22,583 autoreload 11576 30000 Watching for file changes with StatReloader
INFO 2026-05-14 12:57:02,142 autoreload 32616 29940 Watching for file changes with StatReloader
INFO 2026-05-14 13:04:44,824 autoreload 32616 29940 C:\python-projects\contentgraph_backend\contentgraph_backend\settings.py changed, reloading.
INFO 2026-05-14 13:04:48,492 autoreload 18360 16468 Watching for file changes with StatReloader
INFO 2026-05-14 13:05:40,879 views 18360 8 User logged in: nikitasaxena43@gmail.com
INFO 2026-05-14 13:05:40,885 log 18360 8 "POST /auth/signin HTTP/1.1" 200 672
WARNING 2026-05-14 13:07:12,082 log 18360 33364 Unauthorized: /content/generate/104358e5-a52a-42e9-aa2e-92489f38aed0
WARNING 2026-05-14 13:07:12,082 log 18360 33364 "GET /content/generate/104358e5-a52a-42e9-aa2e-92489f38aed0 HTTP/1.1" 401 183
ERROR 2026-05-14 13:07:46,405 log 18360 8 Internal Server Error: /content/generate-content
Traceback (most recent call last):
  File "C:\Myenv\Lib\site-packages\redis\connection.py", line 385, in connect_check_health
    sock = self.retry.call_with_retry(
           ^^^^^^^^^^^^^^^^^^^^^^^^^^^
  File "C:\Myenv\Lib\site-packages\redis\retry.py", line 87, in call_with_retry
    return do()
           ^^^^
  File "C:\Myenv\Lib\site-packages\redis\connection.py", line 386, in <lambda>
    lambda: self._connect(), lambda error: self.disconnect(error)
            ^^^^^^^^^^^^^^^
  File "C:\Myenv\Lib\site-packages\redis\connection.py", line 797, in _connect
    raise err
  File "C:\Myenv\Lib\site-packages\redis\connection.py", line 781, in _connect
    sock.connect(socket_address)
ConnectionRefusedError: [WinError 10061] No connection could be made because the target machine actively refused it

During handling of the above exception, another exception occurred:

Traceback (most recent call last):
  File "C:\Myenv\Lib\site-packages\celery\backends\redis.py", line 130, in reconnect_on_error
    yield
  File "C:\Myenv\Lib\site-packages\celery\backends\redis.py", line 180, in _consume_from
    self._pubsub.subscribe(key)
  File "C:\Myenv\Lib\site-packages\redis\client.py", line 1034, in subscribe
    ret_val = self.execute_command("SUBSCRIBE", *new_channels.keys())
              ^^^^^^^^^^^^^^^^^^^^^^^^^^^^^^^^^^^^^^^^^^^^^^^^^^^^^^^
  File "C:\Myenv\Lib\site-packages\redis\client.py", line 864, in execute_command
    self.connection = self.connection_pool.get_connection()
                      ^^^^^^^^^^^^^^^^^^^^^^^^^^^^^^^^^^^^^
  File "C:\Myenv\Lib\site-packages\redis\utils.py", line 191, in wrapper
    return func(*args, **kwargs)
           ^^^^^^^^^^^^^^^^^^^^^
  File "C:\Myenv\Lib\site-packages\redis\connection.py", line 1530, in get_connection
    connection.connect()
  File "C:\Myenv\Lib\site-packages\redis\connection.py", line 379, in connect
    self.connect_check_health(check_health=True)
  File "C:\Myenv\Lib\site-packages\redis\connection.py", line 391, in connect_check_health
    raise ConnectionError(self._error_message(e))
redis.exceptions.ConnectionError: Error 10061 connecting to localhost:6379. No connection could be made because the target machine actively refused it.

During handling of the above exception, another exception occurred:

Traceback (most recent call last):
  File "C:\Myenv\Lib\site-packages\redis\connection.py", line 385, in connect_check_health
    sock = self.retry.call_with_retry(
           ^^^^^^^^^^^^^^^^^^^^^^^^^^^
  File "C:\Myenv\Lib\site-packages\redis\retry.py", line 87, in call_with_retry
    return do()
           ^^^^
  File "C:\Myenv\Lib\site-packages\redis\connection.py", line 386, in <lambda>
    lambda: self._connect(), lambda error: self.disconnect(error)
            ^^^^^^^^^^^^^^^
  File "C:\Myenv\Lib\site-packages\redis\connection.py", line 797, in _connect
    raise err
  File "C:\Myenv\Lib\site-packages\redis\connection.py", line 781, in _connect
    sock.connect(socket_address)
ConnectionRefusedError: [WinError 10061] No connection could be made because the target machine actively refused it

During handling of the above exception, another exception occurred:

Traceback (most recent call last):
  File "C:\Myenv\Lib\site-packages\celery\backends\redis.py", line 133, in reconnect_on_error
    self._ensure(self._reconnect_pubsub, ())
  File "C:\Myenv\Lib\site-packages\celery\backends\redis.py", line 428, in ensure
    return retry_over_time(
           ^^^^^^^^^^^^^^^^
  File "C:\Myenv\Lib\site-packages\kombu\utils\functional.py", line 318, in retry_over_time
    return fun(*args, **kwargs)
           ^^^^^^^^^^^^^^^^^^^^
  File "C:\Myenv\Lib\site-packages\celery\backends\redis.py", line 109, in _reconnect_pubsub
    metas = self.backend.client.mget(self.subscribed_to)
            ^^^^^^^^^^^^^^^^^^^^^^^^^^^^^^^^^^^^^^^^^^^^
  File "C:\Myenv\Lib\site-packages\redis\commands\core.py", line 1994, in mget
    return self.execute_command("MGET", *args, **options)
           ^^^^^^^^^^^^^^^^^^^^^^^^^^^^^^^^^^^^^^^^^^^^^^
  File "C:\Myenv\Lib\site-packages\redis\client.py", line 623, in execute_command
    return self._execute_command(*args, **options)
           ^^^^^^^^^^^^^^^^^^^^^^^^^^^^^^^^^^^^^^^
  File "C:\Myenv\Lib\site-packages\redis\client.py", line 629, in _execute_command
    conn = self.connection or pool.get_connection()
                              ^^^^^^^^^^^^^^^^^^^^^
  File "C:\Myenv\Lib\site-packages\redis\utils.py", line 191, in wrapper
    return func(*args, **kwargs)
           ^^^^^^^^^^^^^^^^^^^^^
  File "C:\Myenv\Lib\site-packages\redis\connection.py", line 1530, in get_connection
    connection.connect()
  File "C:\Myenv\Lib\site-packages\redis\connection.py", line 379, in connect
    self.connect_check_health(check_health=True)
  File "C:\Myenv\Lib\site-packages\redis\connection.py", line 391, in connect_check_health
    raise ConnectionError(self._error_message(e))
redis.exceptions.ConnectionError: Error 10061 connecting to localhost:6379. No connection could be made because the target machine actively refused it.

The above exception was the direct cause of the following exception:

Traceback (most recent call last):
  File "C:\Myenv\Lib\site-packages\django\core\handlers\exception.py", line 55, in inner
    response = get_response(request)
               ^^^^^^^^^^^^^^^^^^^^^
  File "C:\Myenv\Lib\site-packages\django\core\handlers\base.py", line 198, in _get_response
    response = wrapped_callback(request, *callback_args, **callback_kwargs)
               ^^^^^^^^^^^^^^^^^^^^^^^^^^^^^^^^^^^^^^^^^^^^^^^^^^^^^^^^^^^^
  File "C:\Myenv\Lib\site-packages\django\views\decorators\csrf.py", line 65, in _view_wrapper
    return view_func(request, *args, **kwargs)
           ^^^^^^^^^^^^^^^^^^^^^^^^^^^^^^^^^^^
  File "C:\Myenv\Lib\site-packages\django\views\generic\base.py", line 106, in view
    return self.dispatch(request, *args, **kwargs)
           ^^^^^^^^^^^^^^^^^^^^^^^^^^^^^^^^^^^^^^^
  File "C:\Myenv\Lib\site-packages\django\utils\decorators.py", line 48, in _wrapper
    return bound_method(*args, **kwargs)
           ^^^^^^^^^^^^^^^^^^^^^^^^^^^^^
  File "C:\Myenv\Lib\site-packages\django\views\decorators\csrf.py", line 65, in _view_wrapper
    return view_func(request, *args, **kwargs)
           ^^^^^^^^^^^^^^^^^^^^^^^^^^^^^^^^^^^
  File "C:\Myenv\Lib\site-packages\rest_framework\views.py", line 509, in dispatch
    response = self.handle_exception(exc)
               ^^^^^^^^^^^^^^^^^^^^^^^^^^
  File "C:\Myenv\Lib\site-packages\rest_framework\views.py", line 469, in handle_exception
    self.raise_uncaught_exception(exc)
  File "C:\Myenv\Lib\site-packages\rest_framework\views.py", line 480, in raise_uncaught_exception
    raise exc
  File "C:\Myenv\Lib\site-packages\rest_framework\views.py", line 506, in dispatch
    response = handler(request, *args, **kwargs)
               ^^^^^^^^^^^^^^^^^^^^^^^^^^^^^^^^^
  File "C:\python-projects\contentgraph_backend\content\views.py", line 47, in post
    task = generate_content_task.delay(request_data.id)
           ^^^^^^^^^^^^^^^^^^^^^^^^^^^^^^^^^^^^^^^^^^^^
  File "C:\Myenv\Lib\site-packages\celery\app\task.py", line 444, in delay
    return self.apply_async(args, kwargs)
           ^^^^^^^^^^^^^^^^^^^^^^^^^^^^^^
  File "C:\Myenv\Lib\site-packages\celery\app\task.py", line 608, in apply_async
    return app.send_task(
           ^^^^^^^^^^^^^^
  File "C:\Myenv\Lib\site-packages\celery\app\base.py", line 946, in send_task
    self.backend.on_task_call(P, task_id)
  File "C:\Myenv\Lib\site-packages\celery\backends\redis.py", line 417, in on_task_call
    self.result_consumer.consume_from(task_id)
  File "C:\Myenv\Lib\site-packages\celery\backends\redis.py", line 172, in consume_from
    return self.start(task_id)
           ^^^^^^^^^^^^^^^^^^^
  File "C:\Myenv\Lib\site-packages\celery\backends\redis.py", line 150, in start
    self._consume_from(initial_task_id)
  File "C:\Myenv\Lib\site-packages\celery\backends\redis.py", line 179, in _consume_from
    with self.reconnect_on_error():
         ^^^^^^^^^^^^^^^^^^^^^^^^^
  File "C:\Python\Lib\contextlib.py", line 158, in __exit__
    self.gen.throw(value)
  File "C:\Myenv\Lib\site-packages\celery\backends\redis.py", line 136, in reconnect_on_error
    raise RuntimeError(E_RETRY_LIMIT_EXCEEDED) from e
RuntimeError: 
Retry limit exceeded while trying to reconnect to the Celery redis result store backend. The Celery application must be restarted.

INFO 2026-05-14 13:07:46,421 basehttp 18360 8 - Broken pipe from ('127.0.0.1', 62135)
ERROR 2026-05-14 13:08:16,961 log 18360 28224 Internal Server Error: /content/generate-content
Traceback (most recent call last):
  File "C:\Myenv\Lib\site-packages\redis\connection.py", line 385, in connect_check_health
    sock = self.retry.call_with_retry(
           ^^^^^^^^^^^^^^^^^^^^^^^^^^^
  File "C:\Myenv\Lib\site-packages\redis\retry.py", line 87, in call_with_retry
    return do()
           ^^^^
  File "C:\Myenv\Lib\site-packages\redis\connection.py", line 386, in <lambda>
    lambda: self._connect(), lambda error: self.disconnect(error)
            ^^^^^^^^^^^^^^^
  File "C:\Myenv\Lib\site-packages\redis\connection.py", line 797, in _connect
    raise err
  File "C:\Myenv\Lib\site-packages\redis\connection.py", line 781, in _connect
    sock.connect(socket_address)
ConnectionRefusedError: [WinError 10061] No connection could be made because the target machine actively refused it

During handling of the above exception, another exception occurred:

Traceback (most recent call last):
  File "C:\Myenv\Lib\site-packages\celery\backends\redis.py", line 130, in reconnect_on_error
    yield
  File "C:\Myenv\Lib\site-packages\celery\backends\redis.py", line 180, in _consume_from
    self._pubsub.subscribe(key)
  File "C:\Myenv\Lib\site-packages\redis\client.py", line 1034, in subscribe
    ret_val = self.execute_command("SUBSCRIBE", *new_channels.keys())
              ^^^^^^^^^^^^^^^^^^^^^^^^^^^^^^^^^^^^^^^^^^^^^^^^^^^^^^^
  File "C:\Myenv\Lib\site-packages\redis\client.py", line 864, in execute_command
    self.connection = self.connection_pool.get_connection()
                      ^^^^^^^^^^^^^^^^^^^^^^^^^^^^^^^^^^^^^
  File "C:\Myenv\Lib\site-packages\redis\utils.py", line 191, in wrapper
    return func(*args, **kwargs)
           ^^^^^^^^^^^^^^^^^^^^^
  File "C:\Myenv\Lib\site-packages\redis\connection.py", line 1530, in get_connection
    connection.connect()
  File "C:\Myenv\Lib\site-packages\redis\connection.py", line 379, in connect
    self.connect_check_health(check_health=True)
  File "C:\Myenv\Lib\site-packages\redis\connection.py", line 391, in connect_check_health
    raise ConnectionError(self._error_message(e))
redis.exceptions.ConnectionError: Error 10061 connecting to localhost:6379. No connection could be made because the target machine actively refused it.

During handling of the above exception, another exception occurred:

Traceback (most recent call last):
  File "C:\Myenv\Lib\site-packages\redis\connection.py", line 385, in connect_check_health
    sock = self.retry.call_with_retry(
           ^^^^^^^^^^^^^^^^^^^^^^^^^^^
  File "C:\Myenv\Lib\site-packages\redis\retry.py", line 87, in call_with_retry
    return do()
           ^^^^
  File "C:\Myenv\Lib\site-packages\redis\connection.py", line 386, in <lambda>
    lambda: self._connect(), lambda error: self.disconnect(error)
            ^^^^^^^^^^^^^^^
  File "C:\Myenv\Lib\site-packages\redis\connection.py", line 797, in _connect
    raise err
  File "C:\Myenv\Lib\site-packages\redis\connection.py", line 781, in _connect
    sock.connect(socket_address)
ConnectionRefusedError: [WinError 10061] No connection could be made because the target machine actively refused it

During handling of the above exception, another exception occurred:

Traceback (most recent call last):
  File "C:\Myenv\Lib\site-packages\celery\backends\redis.py", line 133, in reconnect_on_error
    self._ensure(self._reconnect_pubsub, ())
  File "C:\Myenv\Lib\site-packages\celery\backends\redis.py", line 428, in ensure
    return retry_over_time(
           ^^^^^^^^^^^^^^^^
  File "C:\Myenv\Lib\site-packages\kombu\utils\functional.py", line 318, in retry_over_time
    return fun(*args, **kwargs)
           ^^^^^^^^^^^^^^^^^^^^
  File "C:\Myenv\Lib\site-packages\celery\backends\redis.py", line 109, in _reconnect_pubsub
    metas = self.backend.client.mget(self.subscribed_to)
            ^^^^^^^^^^^^^^^^^^^^^^^^^^^^^^^^^^^^^^^^^^^^
  File "C:\Myenv\Lib\site-packages\redis\commands\core.py", line 1994, in mget
    return self.execute_command("MGET", *args, **options)
           ^^^^^^^^^^^^^^^^^^^^^^^^^^^^^^^^^^^^^^^^^^^^^^
  File "C:\Myenv\Lib\site-packages\redis\client.py", line 623, in execute_command
    return self._execute_command(*args, **options)
           ^^^^^^^^^^^^^^^^^^^^^^^^^^^^^^^^^^^^^^^
  File "C:\Myenv\Lib\site-packages\redis\client.py", line 629, in _execute_command
    conn = self.connection or pool.get_connection()
                              ^^^^^^^^^^^^^^^^^^^^^
  File "C:\Myenv\Lib\site-packages\redis\utils.py", line 191, in wrapper
    return func(*args, **kwargs)
           ^^^^^^^^^^^^^^^^^^^^^
  File "C:\Myenv\Lib\site-packages\redis\connection.py", line 1530, in get_connection
    connection.connect()
  File "C:\Myenv\Lib\site-packages\redis\connection.py", line 379, in connect
    self.connect_check_health(check_health=True)
  File "C:\Myenv\Lib\site-packages\redis\connection.py", line 391, in connect_check_health
    raise ConnectionError(self._error_message(e))
redis.exceptions.ConnectionError: Error 10061 connecting to localhost:6379. No connection could be made because the target machine actively refused it.

The above exception was the direct cause of the following exception:

Traceback (most recent call last):
  File "C:\Myenv\Lib\site-packages\django\core\handlers\exception.py", line 55, in inner
    response = get_response(request)
               ^^^^^^^^^^^^^^^^^^^^^
  File "C:\Myenv\Lib\site-packages\django\core\handlers\base.py", line 198, in _get_response
    response = wrapped_callback(request, *callback_args, **callback_kwargs)
               ^^^^^^^^^^^^^^^^^^^^^^^^^^^^^^^^^^^^^^^^^^^^^^^^^^^^^^^^^^^^
  File "C:\Myenv\Lib\site-packages\django\views\decorators\csrf.py", line 65, in _view_wrapper
    return view_func(request, *args, **kwargs)
           ^^^^^^^^^^^^^^^^^^^^^^^^^^^^^^^^^^^
  File "C:\Myenv\Lib\site-packages\django\views\generic\base.py", line 106, in view
    return self.dispatch(request, *args, **kwargs)
           ^^^^^^^^^^^^^^^^^^^^^^^^^^^^^^^^^^^^^^^
  File "C:\Myenv\Lib\site-packages\django\utils\decorators.py", line 48, in _wrapper
    return bound_method(*args, **kwargs)
           ^^^^^^^^^^^^^^^^^^^^^^^^^^^^^
  File "C:\Myenv\Lib\site-packages\django\views\decorators\csrf.py", line 65, in _view_wrapper
    return view_func(request, *args, **kwargs)
           ^^^^^^^^^^^^^^^^^^^^^^^^^^^^^^^^^^^
  File "C:\Myenv\Lib\site-packages\rest_framework\views.py", line 509, in dispatch
    response = self.handle_exception(exc)
               ^^^^^^^^^^^^^^^^^^^^^^^^^^
  File "C:\Myenv\Lib\site-packages\rest_framework\views.py", line 469, in handle_exception
    self.raise_uncaught_exception(exc)
  File "C:\Myenv\Lib\site-packages\rest_framework\views.py", line 480, in raise_uncaught_exception
    raise exc
  File "C:\Myenv\Lib\site-packages\rest_framework\views.py", line 506, in dispatch
    response = handler(request, *args, **kwargs)
               ^^^^^^^^^^^^^^^^^^^^^^^^^^^^^^^^^
  File "C:\python-projects\contentgraph_backend\content\views.py", line 47, in post
    task = generate_content_task.delay(request_data.id)
           ^^^^^^^^^^^^^^^^^^^^^^^^^^^^^^^^^^^^^^^^^^^^
  File "C:\Myenv\Lib\site-packages\celery\app\task.py", line 444, in delay
    return self.apply_async(args, kwargs)
           ^^^^^^^^^^^^^^^^^^^^^^^^^^^^^^
  File "C:\Myenv\Lib\site-packages\celery\app\task.py", line 608, in apply_async
    return app.send_task(
           ^^^^^^^^^^^^^^
  File "C:\Myenv\Lib\site-packages\celery\app\base.py", line 946, in send_task
    self.backend.on_task_call(P, task_id)
  File "C:\Myenv\Lib\site-packages\celery\backends\redis.py", line 417, in on_task_call
    self.result_consumer.consume_from(task_id)
  File "C:\Myenv\Lib\site-packages\celery\backends\redis.py", line 172, in consume_from
    return self.start(task_id)
           ^^^^^^^^^^^^^^^^^^^
  File "C:\Myenv\Lib\site-packages\celery\backends\redis.py", line 150, in start
    self._consume_from(initial_task_id)
  File "C:\Myenv\Lib\site-packages\celery\backends\redis.py", line 179, in _consume_from
    with self.reconnect_on_error():
         ^^^^^^^^^^^^^^^^^^^^^^^^^
  File "C:\Python\Lib\contextlib.py", line 158, in __exit__
    self.gen.throw(value)
  File "C:\Myenv\Lib\site-packages\celery\backends\redis.py", line 136, in reconnect_on_error
    raise RuntimeError(E_RETRY_LIMIT_EXCEEDED) from e
RuntimeError: 
Retry limit exceeded while trying to reconnect to the Celery redis result store backend. The Celery application must be restarted.

ERROR 2026-05-14 13:08:16,976 log 18360 28224 "POST /content/generate-content HTTP/1.1" 500 295602
INFO 2026-05-14 13:09:38,856 autoreload 18360 16468 C:\python-projects\contentgraph_backend\contentgraph_backend\settings.py changed, reloading.
INFO 2026-05-14 13:09:42,185 autoreload 35020 12096 Watching for file changes with StatReloader
INFO 2026-05-14 13:09:59,941 autoreload 35020 12096 C:\python-projects\contentgraph_backend\contentgraph_backend\settings.py changed, reloading.
INFO 2026-05-14 13:10:02,725 autoreload 10652 10976 Watching for file changes with StatReloader
INFO 2026-05-14 13:10:19,039 log 10652 19772 "POST /content/generate-content HTTP/1.1" 202 71
WARNING 2026-05-14 13:10:39,773 log 10652 19772 Unauthorized: /content/generate/bd4517ca-14ad-445a-a523-63d109e5e146
WARNING 2026-05-14 13:10:39,773 log 10652 19772 "GET /content/generate/bd4517ca-14ad-445a-a523-63d109e5e146 HTTP/1.1" 401 183
INFO 2026-05-14 13:10:48,194 views 10652 19772 User logged in: nikitasaxena43@gmail.com
INFO 2026-05-14 13:10:48,201 log 10652 19772 "POST /auth/signin HTTP/1.1" 200 672
INFO 2026-05-14 13:11:14,610 views 10652 19772 User logged in: nikitasaxena43@gmail.com
INFO 2026-05-14 13:11:14,613 log 10652 19772 "POST /auth/signin HTTP/1.1" 200 672
INFO 2026-05-14 13:11:30,643 log 10652 19772 "GET /content/generate/bd4517ca-14ad-445a-a523-63d109e5e146 HTTP/1.1" 200 21
INFO 2026-05-14 13:11:33,255 log 10652 19772 "GET /content/generate/bd4517ca-14ad-445a-a523-63d109e5e146 HTTP/1.1" 200 21
INFO 2026-05-14 13:11:35,706 log 10652 19772 "GET /content/generate/bd4517ca-14ad-445a-a523-63d109e5e146 HTTP/1.1" 200 21
INFO 2026-05-14 13:12:14,525 log 10652 19772 "GET /content/generate/bd4517ca-14ad-445a-a523-63d109e5e146 HTTP/1.1" 200 21
INFO 2026-05-14 13:13:27,661 log 10652 32220 "GET /content/generate/bd4517ca-14ad-445a-a523-63d109e5e146 HTTP/1.1" 200 21
INFO 2026-05-14 13:13:30,415 log 10652 32220 "GET /content/generate/bd4517ca-14ad-445a-a523-63d109e5e146 HTTP/1.1" 200 21
INFO 2026-05-14 13:13:51,225 log 10652 32220 "GET /content/generate/bd4517ca-14ad-445a-a523-63d109e5e146 HTTP/1.1" 200 21
INFO 2026-05-14 13:14:00,809 log 10652 32220 "GET /content/generate/bd4517ca-14ad-445a-a523-63d109e5e146 HTTP/1.1" 200 21
INFO 2026-05-14 13:14:23,030 log 10652 32220 "GET /content/generate/bd4517ca-14ad-445a-a523-63d109e5e146 HTTP/1.1" 200 21
INFO 2026-05-14 13:15:26,840 log 10652 23772 "GET /content/generate/bd4517ca-14ad-445a-a523-63d109e5e146 HTTP/1.1" 200 21
WARNING 2026-05-14 13:17:43,972 log 10652 8980 Unauthorized: /content/generate-content
WARNING 2026-05-14 13:17:43,976 log 10652 8980 "POST /content/generate-content HTTP/1.1" 401 183
INFO 2026-05-14 13:17:51,126 views 10652 8980 User logged in: nikitasaxena43@gmail.com
INFO 2026-05-14 13:17:51,129 log 10652 8980 "POST /auth/signin HTTP/1.1" 200 672
INFO 2026-05-14 13:18:20,003 log 10652 8980 "POST /content/generate-content HTTP/1.1" 202 71
INFO 2026-05-14 13:20:20,736 autoreload 10652 10976 C:\python-projects\contentgraph_backend\contentgraph_backend\settings.py changed, reloading.
INFO 2026-05-14 13:20:24,151 autoreload 13568 13308 Watching for file changes with StatReloader
INFO 2026-05-14 13:20:48,589 log 13568 33964 "POST /content/generate-content HTTP/1.1" 202 71
INFO 2026-05-14 13:21:44,375 autoreload 13568 13308 C:\python-projects\contentgraph_backend\contentgraph_backend\settings.py changed, reloading.
INFO 2026-05-14 13:21:47,226 autoreload 26972 14248 Watching for file changes with StatReloader
INFO 2026-05-14 13:21:55,838 log 26972 23524 "POST /content/generate-content HTTP/1.1" 202 71
INFO 2026-05-14 13:22:11,227 log 26972 23524 "POST /content/generate-content HTTP/1.1" 202 71
INFO 2026-05-14 13:24:33,513 autoreload 26972 14248 C:\python-projects\contentgraph_backend\content\tasks.py changed, reloading.
INFO 2026-05-14 13:24:36,921 autoreload 34184 32272 Watching for file changes with StatReloader
INFO 2026-05-14 13:25:31,965 autoreload 34184 32272 C:\python-projects\contentgraph_backend\content\tasks.py changed, reloading.
INFO 2026-05-14 13:25:34,836 autoreload 24760 13492 Watching for file changes with StatReloader
INFO 2026-05-14 13:27:26,839 autoreload 24760 13492 C:\python-projects\contentgraph_backend\content\csv_task.py changed, reloading.
INFO 2026-05-14 13:27:30,123 autoreload 14500 19732 Watching for file changes with StatReloader
INFO 2026-05-14 13:27:42,610 autoreload 14500 19732 C:\python-projects\contentgraph_backend\content\csv_task.py changed, reloading.
INFO 2026-05-14 13:27:45,350 autoreload 24548 13592 Watching for file changes with StatReloader
WARNING 2026-05-14 14:07:52,316 log 24548 34096 Unauthorized: /content/generate/bd4517ca-14ad-445a-a523-63d109e5e146
WARNING 2026-05-14 14:07:52,333 log 24548 34096 "GET /content/generate/bd4517ca-14ad-445a-a523-63d109e5e146 HTTP/1.1" 401 183
INFO 2026-05-14 14:08:22,470 views 24548 34096 User logged in: nikitasaxena43@gmail.com
INFO 2026-05-14 14:08:22,480 log 24548 34096 "POST /auth/signin HTTP/1.1" 200 672
INFO 2026-05-14 14:08:45,069 log 24548 34096 "GET /content/generate/b3483b8e-3427-4ee4-90e9-535da52dae55 HTTP/1.1" 200 628
INFO 2026-05-14 14:09:23,334 log 24548 34096 "POST /content/upload-file HTTP/1.1" 200 91
INFO 2026-05-14 14:09:50,187 autoreload 24548 13592 C:\python-projects\contentgraph_backend\content\csv_task.py changed, reloading.
INFO 2026-05-14 14:09:54,179 autoreload 5708 7648 Watching for file changes with StatReloader
INFO 2026-05-14 14:10:22,707 autoreload 5708 7648 C:\python-projects\contentgraph_backend\content\csv_task.py changed, reloading.
INFO 2026-05-14 14:10:25,499 autoreload 22052 30204 Watching for file changes with StatReloader
INFO 2026-05-14 14:11:06,354 log 22052 11796 "POST /content/upload-file HTTP/1.1" 200 91
INFO 2026-05-14 14:57:14,266 autoreload 22052 30204 C:\python-projects\contentgraph_backend\content\views.py changed, reloading.
INFO 2026-05-14 14:57:19,682 autoreload 26976 18104 Watching for file changes with StatReloader
INFO 2026-05-14 16:31:03,990 autoreload 26976 18104 C:\python-projects\contentgraph_backend\content\tasks.py changed, reloading.
INFO 2026-05-14 16:31:09,579 autoreload 2236 25520 Watching for file changes with StatReloader
INFO 2026-05-14 16:33:34,089 autoreload 2236 25520 C:\python-projects\contentgraph_backend\content\csv_task.py changed, reloading.
INFO 2026-05-14 16:33:37,326 autoreload 31972 936 Watching for file changes with StatReloader
INFO 2026-05-14 16:33:52,714 autoreload 31972 936 C:\python-projects\contentgraph_backend\content\csv_task.py changed, reloading.
INFO 2026-05-14 16:33:56,016 autoreload 16020 13708 Watching for file changes with StatReloader
INFO 2026-05-14 16:34:01,989 autoreload 16020 13708 C:\python-projects\contentgraph_backend\content\csv_task.py changed, reloading.
INFO 2026-05-14 16:34:05,420 autoreload 13724 17376 Watching for file changes with StatReloader
INFO 2026-05-14 16:34:22,172 autoreload 13724 17376 C:\python-projects\contentgraph_backend\content\csv_task.py changed, reloading.
INFO 2026-05-14 16:34:25,526 autoreload 4660 17016 Watching for file changes with StatReloader
INFO 2026-05-15 12:25:37,374 autoreload 4660 17016 C:\python-projects\contentgraph_backend\content\csv_task.py changed, reloading.
INFO 2026-05-15 12:25:46,895 autoreload 22120 19140 Watching for file changes with StatReloader
INFO 2026-05-15 12:28:36,597 autoreload 22120 19140 C:\python-projects\contentgraph_backend\content\csv_task.py changed, reloading.
INFO 2026-05-15 12:28:42,459 autoreload 34164 36232 Watching for file changes with StatReloader
INFO 2026-05-15 12:46:27,881 autoreload 34164 36232 C:\python-projects\contentgraph_backend\content\tasks.py changed, reloading.
INFO 2026-05-15 12:46:33,265 autoreload 27140 10300 Watching for file changes with StatReloader
INFO 2026-05-15 12:48:28,474 autoreload 27140 10300 C:\python-projects\contentgraph_backend\content\csv_task.py changed, reloading.
INFO 2026-05-15 12:48:30,164 autoreload 36544 12456 Watching for file changes with StatReloader
INFO 2026-05-15 12:48:57,551 autoreload 36544 12456 C:\python-projects\contentgraph_backend\content\csv_task.py changed, reloading.
INFO 2026-05-15 12:48:59,279 autoreload 35636 18444 Watching for file changes with StatReloader
INFO 2026-05-15 12:49:07,718 autoreload 35636 18444 C:\python-projects\contentgraph_backend\content\csv_task.py changed, reloading.
INFO 2026-05-15 12:49:09,492 autoreload 31272 26620 Watching for file changes with StatReloader
INFO 2026-05-15 12:50:03,125 autoreload 31272 26620 C:\python-projects\contentgraph_backend\content\csv_task.py changed, reloading.
INFO 2026-05-15 12:50:04,821 autoreload 10996 25992 Watching for file changes with StatReloader
INFO 2026-05-15 12:50:53,045 autoreload 10996 25992 C:\python-projects\contentgraph_backend\content\csv_task.py changed, reloading.
INFO 2026-05-15 12:50:54,683 autoreload 17200 28692 Watching for file changes with StatReloader
INFO 2026-05-15 12:51:17,740 autoreload 17200 28692 C:\python-projects\contentgraph_backend\content\csv_task.py changed, reloading.
INFO 2026-05-15 12:51:19,395 autoreload 9628 34696 Watching for file changes with StatReloader
INFO 2026-05-15 12:51:52,300 views 9628 9248 User logged in: nikitasaxena43@gmail.com
INFO 2026-05-15 12:51:52,316 log 9628 9248 "POST /auth/signin HTTP/1.1" 200 672
WARNING 2026-05-15 12:52:35,458 log 9628 9248 Bad Request: /content/upload-file
WARNING 2026-05-15 12:52:35,458 log 9628 9248 "POST /content/upload-file HTTP/1.1" 400 292
INFO 2026-05-15 12:53:53,930 autoreload 9628 34696 C:\python-projects\contentgraph_backend\content\views.py changed, reloading.
INFO 2026-05-15 12:53:55,912 autoreload 30000 22304 Watching for file changes with StatReloader
INFO 2026-05-15 12:54:07,413 log 30000 38344 "POST /content/upload-file HTTP/1.1" 200 91
INFO 2026-05-15 13:01:05,464 autoreload 30000 22304 C:\python-projects\contentgraph_backend\content\csv_task.py changed, reloading.
INFO 2026-05-15 13:01:07,698 autoreload 5388 33064 Watching for file changes with StatReloader
INFO 2026-05-15 13:02:07,194 autoreload 5388 33064 C:\python-projects\contentgraph_backend\content\csv_task.py changed, reloading.
INFO 2026-05-15 13:02:09,010 autoreload 15888 24156 Watching for file changes with StatReloader
INFO 2026-05-15 13:02:28,001 autoreload 15888 24156 C:\python-projects\contentgraph_backend\content\csv_task.py changed, reloading.
INFO 2026-05-15 13:02:29,897 autoreload 19316 10252 Watching for file changes with StatReloader
INFO 2026-05-15 13:03:09,916 autoreload 19316 10252 C:\python-projects\contentgraph_backend\content\csv_task.py changed, reloading.
INFO 2026-05-15 13:03:11,742 autoreload 10472 37416 Watching for file changes with StatReloader
INFO 2026-05-15 13:04:01,121 autoreload 10472 37416 C:\python-projects\contentgraph_backend\content\csv_task.py changed, reloading.
INFO 2026-05-15 13:04:02,935 autoreload 3704 28184 Watching for file changes with StatReloader
WARNING 2026-05-15 13:04:09,091 log 3704 33836 Unauthorized: /content/upload-file
WARNING 2026-05-15 13:04:09,091 log 3704 33836 "POST /content/upload-file HTTP/1.1" 401 183
INFO 2026-05-15 13:04:15,428 views 3704 33836 User logged in: nikitasaxena43@gmail.com
INFO 2026-05-15 13:04:15,428 log 3704 33836 "POST /auth/signin HTTP/1.1" 200 672
INFO 2026-05-15 13:04:29,886 views 3704 33836 User logged in: nikitasaxena43@gmail.com
INFO 2026-05-15 13:04:29,886 log 3704 33836 "POST /auth/signin HTTP/1.1" 200 672
INFO 2026-05-15 13:04:45,505 log 3704 33836 "POST /content/upload-file HTTP/1.1" 200 91
INFO 2026-05-15 13:05:23,722 autoreload 3704 28184 C:\python-projects\contentgraph_backend\content\csv_task.py changed, reloading.
INFO 2026-05-15 13:05:25,691 autoreload 30356 38152 Watching for file changes with StatReloader
INFO 2026-05-15 13:06:13,460 log 30356 22216 "POST /content/upload-file HTTP/1.1" 200 91
INFO 2026-05-15 13:13:16,037 autoreload 30356 38152 C:\python-projects\contentgraph_backend\content\csv_task.py changed, reloading.
INFO 2026-05-15 13:13:18,508 autoreload 6492 17192 Watching for file changes with StatReloader
INFO 2026-05-15 13:13:40,042 autoreload 6492 17192 C:\python-projects\contentgraph_backend\content\csv_task.py changed, reloading.
INFO 2026-05-15 13:13:41,969 autoreload 35872 6472 Watching for file changes with StatReloader
WARNING 2026-05-15 13:15:26,355 log 35872 30108 Unauthorized: /content/upload-file
WARNING 2026-05-15 13:15:26,357 log 35872 30108 "POST /content/upload-file HTTP/1.1" 401 183
INFO 2026-05-15 13:15:33,842 views 35872 30108 User logged in: nikitasaxena43@gmail.com
INFO 2026-05-15 13:15:33,844 log 35872 30108 "POST /auth/signin HTTP/1.1" 200 672
INFO 2026-05-15 13:16:03,256 autoreload 35872 6472 C:\python-projects\contentgraph_backend\content\csv_task.py changed, reloading.
INFO 2026-05-15 13:16:05,248 autoreload 27576 9060 Watching for file changes with StatReloader
INFO 2026-05-15 13:16:13,316 views 27576 36336 User logged in: nikitasaxena43@gmail.com
INFO 2026-05-15 13:16:13,316 log 27576 36336 "POST /auth/signin HTTP/1.1" 200 672
INFO 2026-05-15 13:16:42,938 log 27576 36336 "POST /content/upload-file HTTP/1.1" 200 91
INFO 2026-05-15 13:17:00,454 log 27576 36336 "POST /content/upload-file HTTP/1.1" 200 91
INFO 2026-05-15 13:18:30,288 autoreload 27576 9060 C:\python-projects\contentgraph_backend\content\csv_task.py changed, reloading.
INFO 2026-05-15 13:18:32,076 autoreload 31040 29156 Watching for file changes with StatReloader
INFO 2026-05-15 13:18:44,312 log 31040 38012 "POST /content/upload-file HTTP/1.1" 200 91
INFO 2026-05-15 13:18:52,057 log 31040 38012 "POST /content/upload-file HTTP/1.1" 200 91
INFO 2026-05-15 13:22:38,356 autoreload 31040 29156 C:\python-projects\contentgraph_backend\content\csv_task.py changed, reloading.
INFO 2026-05-15 13:22:40,132 autoreload 13176 4408 Watching for file changes with StatReloader
INFO 2026-05-15 13:22:50,774 autoreload 13176 4408 C:\python-projects\contentgraph_backend\content\csv_task.py changed, reloading.
INFO 2026-05-15 13:22:52,522 autoreload 36732 18172 Watching for file changes with StatReloader
INFO 2026-05-15 13:23:04,277 autoreload 36732 18172 C:\python-projects\contentgraph_backend\content\csv_task.py changed, reloading.
INFO 2026-05-15 13:23:06,168 autoreload 36424 5092 Watching for file changes with StatReloader
WARNING 2026-05-15 13:23:41,174 log 36424 9692 Unauthorized: /content/upload-file
WARNING 2026-05-15 13:23:41,175 log 36424 9692 "POST /content/upload-file HTTP/1.1" 401 183
INFO 2026-05-15 13:25:02,420 autoreload 36424 5092 C:\python-projects\contentgraph_backend\content\csv_task.py changed, reloading.
INFO 2026-05-15 13:25:04,695 autoreload 15580 19692 Watching for file changes with StatReloader
INFO 2026-05-15 13:25:50,479 views 15580 25992 User logged in: nikitasaxena43@gmail.com
INFO 2026-05-15 13:25:50,481 log 15580 25992 "POST /auth/signin HTTP/1.1" 200 672
INFO 2026-05-15 13:26:16,997 views 15580 25992 User logged in: nikitasaxena43@gmail.com
INFO 2026-05-15 13:26:16,997 log 15580 25992 "POST /auth/signin HTTP/1.1" 200 672
INFO 2026-05-15 13:26:39,070 log 15580 25992 "POST /content/upload-file HTTP/1.1" 200 91
INFO 2026-05-15 15:45:04,802 autoreload 15580 19692 C:\python-projects\contentgraph_backend\content\csv_task.py changed, reloading.
INFO 2026-05-15 15:45:08,970 autoreload 13632 14724 Watching for file changes with StatReloader
INFO 2026-05-15 15:46:07,253 autoreload 17200 38644 Watching for file changes with StatReloader
INFO 2026-05-15 16:07:25,700 views 17200 37532 User logged in: nikitasaxena43@gmail.com
INFO 2026-05-15 16:07:25,721 log 17200 37532 "POST /auth/signin HTTP/1.1" 200 672
INFO 2026-05-15 16:07:51,919 log 17200 37532 "POST /content/upload-file HTTP/1.1" 200 91
INFO 2026-05-15 16:10:19,443 autoreload 17200 38644 C:\python-projects\contentgraph_backend\content\models.py changed, reloading.
INFO 2026-05-15 16:10:22,893 autoreload 16728 4768 Watching for file changes with StatReloader
INFO 2026-05-15 16:11:38,250 autoreload 35560 19752 Watching for file changes with StatReloader
INFO 2026-05-15 16:12:44,117 views 35560 21188 User logged in: nikitasaxena43@gmail.com
INFO 2026-05-15 16:12:44,121 log 35560 21188 "POST /auth/signin HTTP/1.1" 200 672
INFO 2026-05-15 16:13:17,157 log 35560 21188 "POST /content/upload-file HTTP/1.1" 200 91
INFO 2026-05-15 16:16:18,025 autoreload 35560 19752 C:\python-projects\contentgraph_backend\content\csv_task.py changed, reloading.
INFO 2026-05-15 16:16:21,136 autoreload 14360 35780 Watching for file changes with StatReloader
WARNING 2026-05-15 16:21:12,038 log 14360 23428 Unauthorized: /content/upload-file
WARNING 2026-05-15 16:21:12,038 log 14360 23428 "POST /content/upload-file HTTP/1.1" 401 183
INFO 2026-05-15 16:21:29,486 views 14360 23428 User logged in: nikitasaxena43@gmail.com
INFO 2026-05-15 16:21:29,492 log 14360 23428 "POST /auth/signin HTTP/1.1" 200 672
INFO 2026-05-15 16:21:52,471 log 14360 23428 "POST /content/upload-file HTTP/1.1" 200 91
INFO 2026-05-15 16:22:27,396 log 14360 23428 "POST /content/upload-file HTTP/1.1" 200 91
INFO 2026-05-15 16:44:22,654 autoreload 14360 35780 C:\python-projects\contentgraph_backend\content\csv_task.py changed, reloading.
INFO 2026-05-15 16:44:27,965 autoreload 31944 36904 Watching for file changes with StatReloader
INFO 2026-05-15 16:44:38,548 autoreload 31944 36904 C:\python-projects\contentgraph_backend\content\csv_task.py changed, reloading.
INFO 2026-05-15 16:44:41,286 autoreload 29856 9176 Watching for file changes with StatReloader
INFO 2026-05-15 16:46:02,897 views 29856 32776 User logged in: nikitasaxena43@gmail.com
INFO 2026-05-15 16:46:02,899 log 29856 32776 "POST /auth/signin HTTP/1.1" 200 672
INFO 2026-05-15 16:46:35,893 log 29856 32776 "POST /content/upload-file HTTP/1.1" 200 91
INFO 2026-05-15 16:49:56,488 autoreload 29856 9176 C:\python-projects\contentgraph_backend\content\csv_task.py changed, reloading.
INFO 2026-05-15 16:50:00,142 autoreload 388 15700 Watching for file changes with StatReloader
INFO 2026-05-15 16:50:55,588 autoreload 388 15700 C:\python-projects\contentgraph_backend\content\csv_task.py changed, reloading.
INFO 2026-05-15 16:50:58,333 autoreload 23228 35676 Watching for file changes with StatReloader
INFO 2026-05-15 16:51:07,668 views 23228 21388 User logged in: nikitasaxena43@gmail.com
INFO 2026-05-15 16:51:07,673 log 23228 21388 "POST /auth/signin HTTP/1.1" 200 672
INFO 2026-05-15 16:51:41,757 log 23228 21388 "POST /content/upload-file HTTP/1.1" 200 91
INFO 2026-05-15 16:52:05,814 log 23228 21388 "POST /content/upload-file HTTP/1.1" 200 91
INFO 2026-05-15 16:54:32,416 autoreload 23228 35676 C:\python-projects\contentgraph_backend\content\csv_task.py changed, reloading.
INFO 2026-05-15 16:54:35,255 autoreload 6112 31084 Watching for file changes with StatReloader
INFO 2026-05-15 16:54:59,032 autoreload 6112 31084 C:\python-projects\contentgraph_backend\content\csv_task.py changed, reloading.
INFO 2026-05-15 16:55:02,045 autoreload 19348 2164 Watching for file changes with StatReloader
INFO 2026-05-15 16:55:26,497 log 19348 10620 "POST /content/upload-file HTTP/1.1" 200 91
INFO 2026-05-15 16:56:07,667 autoreload 19348 2164 C:\python-projects\contentgraph_backend\content\csv_task.py changed, reloading.
INFO 2026-05-15 16:56:10,813 autoreload 22156 26296 Watching for file changes with StatReloader
INFO 2026-05-15 16:56:28,964 autoreload 22156 26296 C:\python-projects\contentgraph_backend\content\csv_task.py changed, reloading.
INFO 2026-05-15 16:56:32,019 autoreload 27040 14104 Watching for file changes with StatReloader
INFO 2026-05-15 16:57:04,709 autoreload 27040 14104 C:\python-projects\contentgraph_backend\content\csv_task.py changed, reloading.
INFO 2026-05-15 16:57:07,557 autoreload 38044 36552 Watching for file changes with StatReloader
WARNING 2026-05-15 16:57:14,380 log 38044 24036 Unauthorized: /content/upload-file
WARNING 2026-05-15 16:57:14,381 log 38044 24036 "POST /content/upload-file HTTP/1.1" 401 183
INFO 2026-05-15 16:57:30,590 views 38044 24036 User logged in: nikitasaxena43@gmail.com
INFO 2026-05-15 16:57:30,592 log 38044 24036 "POST /auth/signin HTTP/1.1" 200 672
INFO 2026-05-15 16:58:02,626 log 38044 24036 "POST /content/upload-file HTTP/1.1" 200 91
INFO 2026-05-15 16:58:15,214 log 38044 24036 "POST /content/upload-file HTTP/1.1" 200 91
INFO 2026-05-15 17:02:16,957 autoreload 38044 36552 C:\python-projects\contentgraph_backend\content\csv_task.py changed, reloading.
INFO 2026-05-15 17:02:20,307 autoreload 1888 28116 Watching for file changes with StatReloader
INFO 2026-05-15 17:02:37,332 autoreload 1888 28116 C:\python-projects\contentgraph_backend\content\csv_task.py changed, reloading.
INFO 2026-05-15 17:02:40,217 autoreload 4268 26016 Watching for file changes with StatReloader
WARNING 2026-05-15 17:02:49,882 log 4268 21016 Unauthorized: /content/upload-file
WARNING 2026-05-15 17:02:49,882 log 4268 21016 "POST /content/upload-file HTTP/1.1" 401 183
INFO 2026-05-15 17:02:59,307 views 4268 21016 User logged in: nikitasaxena43@gmail.com
INFO 2026-05-15 17:02:59,308 log 4268 21016 "POST /auth/signin HTTP/1.1" 200 672
INFO 2026-05-15 17:03:34,164 log 4268 21016 "POST /content/upload-file HTTP/1.1" 200 91
INFO 2026-05-15 17:05:14,284 autoreload 4268 26016 C:\python-projects\contentgraph_backend\content\csv_task.py changed, reloading.
INFO 2026-05-15 17:05:17,502 autoreload 3112 29828 Watching for file changes with StatReloader
INFO 2026-05-15 17:05:26,775 autoreload 3112 29828 C:\python-projects\contentgraph_backend\content\csv_task.py changed, reloading.
INFO 2026-05-15 17:05:29,615 autoreload 2972 30204 Watching for file changes with StatReloader
INFO 2026-05-15 17:05:54,866 log 2972 23212 "POST /content/upload-file HTTP/1.1" 200 91
INFO 2026-05-15 17:31:42,312 autoreload 2972 30204 C:\python-projects\contentgraph_backend\contentgraph_backend\settings.py changed, reloading.
INFO 2026-05-15 17:31:47,231 autoreload 36916 12072 Watching for file changes with StatReloader
INFO 2026-05-15 17:32:06,513 autoreload 36916 12072 C:\python-projects\contentgraph_backend\contentgraph_backend\settings.py changed, reloading.
INFO 2026-05-15 17:32:09,108 autoreload 3476 34140 Watching for file changes with StatReloader
INFO 2026-05-15 18:52:30,300 autoreload 3476 34140 C:\python-projects\contentgraph_backend\content\views.py changed, reloading.
INFO 2026-05-15 18:52:52,722 autoreload 31000 31240 Watching for file changes with StatReloader
INFO 2026-05-15 18:53:36,944 autoreload 31000 31240 C:\python-projects\contentgraph_backend\content\views.py changed, reloading.
INFO 2026-05-15 18:53:39,713 autoreload 19908 33220 Watching for file changes with StatReloader
INFO 2026-05-15 18:54:27,748 autoreload 19908 33220 C:\python-projects\contentgraph_backend\content\urls.py changed, reloading.
INFO 2026-05-15 18:54:30,382 autoreload 20604 30784 Watching for file changes with StatReloader
INFO 2026-05-15 18:54:43,426 autoreload 20604 30784 C:\python-projects\contentgraph_backend\content\urls.py changed, reloading.
INFO 2026-05-15 18:54:46,070 autoreload 21536 31944 Watching for file changes with StatReloader
WARNING 2026-05-15 18:56:12,286 log 21536 25340 Not Found: /content/download/b6f97731-7b77-437d-b0b9-cfedf069e878
WARNING 2026-05-15 18:56:12,286 log 21536 25340 "POST /content/download/b6f97731-7b77-437d-b0b9-cfedf069e878 HTTP/1.1" 404 3762
INFO 2026-05-15 18:58:08,558 autoreload 21536 31944 C:\python-projects\contentgraph_backend\content\urls.py changed, reloading.
INFO 2026-05-15 18:58:12,353 autoreload 32624 10636 Watching for file changes with StatReloader
WARNING 2026-05-15 18:58:23,605 log 32624 26232 Not Found: /content/download/b6f97731-7b77-437d-b0b9-cfedf069e878
WARNING 2026-05-15 18:58:23,609 log 32624 26232 "POST /content/download/b6f97731-7b77-437d-b0b9-cfedf069e878 HTTP/1.1" 404 3762
INFO 2026-05-15 18:59:30,161 autoreload 32624 10636 C:\python-projects\contentgraph_backend\content\urls.py changed, reloading.
INFO 2026-05-15 18:59:33,133 autoreload 37248 8920 Watching for file changes with StatReloader
WARNING 2026-05-15 18:59:43,461 log 37248 34288 Unauthorized: /content/download/b6f97731-7b77-437d-b0b9-cfedf069e878
WARNING 2026-05-15 18:59:43,461 log 37248 34288 "POST /content/download/b6f97731-7b77-437d-b0b9-cfedf069e878 HTTP/1.1" 401 58
INFO 2026-05-17 18:45:59,269 views 37248 12868 User logged in: nikitasaxena43@gmail.com
INFO 2026-05-17 18:45:59,282 log 37248 12868 "POST /auth/signin HTTP/1.1" 200 672
ERROR 2026-05-17 18:46:26,853 log 37248 12868 Internal Server Error: /content/download/b6f97731-7b77-437d-b0b9-cfedf069e878
Traceback (most recent call last):
  File "C:\Myenv\Lib\site-packages\django\core\handlers\exception.py", line 55, in inner
    response = get_response(request)
               ^^^^^^^^^^^^^^^^^^^^^
  File "C:\Myenv\Lib\site-packages\django\core\handlers\base.py", line 198, in _get_response
    response = wrapped_callback(request, *callback_args, **callback_kwargs)
               ^^^^^^^^^^^^^^^^^^^^^^^^^^^^^^^^^^^^^^^^^^^^^^^^^^^^^^^^^^^^
  File "C:\Myenv\Lib\site-packages\django\views\decorators\csrf.py", line 65, in _view_wrapper
    return view_func(request, *args, **kwargs)
           ^^^^^^^^^^^^^^^^^^^^^^^^^^^^^^^^^^^
  File "C:\Myenv\Lib\site-packages\django\views\generic\base.py", line 106, in view
    return self.dispatch(request, *args, **kwargs)
           ^^^^^^^^^^^^^^^^^^^^^^^^^^^^^^^^^^^^^^^
  File "C:\Myenv\Lib\site-packages\rest_framework\views.py", line 509, in dispatch
    response = self.handle_exception(exc)
               ^^^^^^^^^^^^^^^^^^^^^^^^^^
  File "C:\Myenv\Lib\site-packages\rest_framework\views.py", line 469, in handle_exception
    self.raise_uncaught_exception(exc)
  File "C:\Myenv\Lib\site-packages\rest_framework\views.py", line 480, in raise_uncaught_exception
    raise exc
  File "C:\Myenv\Lib\site-packages\rest_framework\views.py", line 506, in dispatch
    response = handler(request, *args, **kwargs)
               ^^^^^^^^^^^^^^^^^^^^^^^^^^^^^^^^^
TypeError: BulkFileProcessor.post() got an unexpected keyword argument 'job_id'
ERROR 2026-05-17 18:46:26,869 log 37248 12868 "POST /content/download/b6f97731-7b77-437d-b0b9-cfedf069e878 HTTP/1.1" 500 100596
ERROR 2026-05-17 18:47:25,864 log 37248 12868 Internal Server Error: /content/download/b6f97731-7b77-437d-b0b9-cfedf069e878
Traceback (most recent call last):
  File "C:\Myenv\Lib\site-packages\django\core\handlers\exception.py", line 55, in inner
    response = get_response(request)
               ^^^^^^^^^^^^^^^^^^^^^
  File "C:\Myenv\Lib\site-packages\django\core\handlers\base.py", line 198, in _get_response
    response = wrapped_callback(request, *callback_args, **callback_kwargs)
               ^^^^^^^^^^^^^^^^^^^^^^^^^^^^^^^^^^^^^^^^^^^^^^^^^^^^^^^^^^^^
  File "C:\Myenv\Lib\site-packages\django\views\decorators\csrf.py", line 65, in _view_wrapper
    return view_func(request, *args, **kwargs)
           ^^^^^^^^^^^^^^^^^^^^^^^^^^^^^^^^^^^
  File "C:\Myenv\Lib\site-packages\django\views\generic\base.py", line 106, in view
    return self.dispatch(request, *args, **kwargs)
           ^^^^^^^^^^^^^^^^^^^^^^^^^^^^^^^^^^^^^^^
  File "C:\Myenv\Lib\site-packages\rest_framework\views.py", line 509, in dispatch
    response = self.handle_exception(exc)
               ^^^^^^^^^^^^^^^^^^^^^^^^^^
  File "C:\Myenv\Lib\site-packages\rest_framework\views.py", line 469, in handle_exception
    self.raise_uncaught_exception(exc)
  File "C:\Myenv\Lib\site-packages\rest_framework\views.py", line 480, in raise_uncaught_exception
    raise exc
  File "C:\Myenv\Lib\site-packages\rest_framework\views.py", line 506, in dispatch
    response = handler(request, *args, **kwargs)
               ^^^^^^^^^^^^^^^^^^^^^^^^^^^^^^^^^
TypeError: BulkFileProcessor.get() got multiple values for argument 'job_id'
ERROR 2026-05-17 18:47:25,864 log 37248 12868 "GET /content/download/b6f97731-7b77-437d-b0b9-cfedf069e878 HTTP/1.1" 500 100564
INFO 2026-05-17 18:49:04,478 autoreload 37248 8920 C:\python-projects\contentgraph_backend\content\urls.py changed, reloading.
INFO 2026-05-17 18:49:12,805 autoreload 35656 39444 Watching for file changes with StatReloader
ERROR 2026-05-17 18:49:24,384 log 35656 39084 Internal Server Error: /content/download/b6f97731-7b77-437d-b0b9-cfedf069e878
Traceback (most recent call last):
  File "C:\Myenv\Lib\site-packages\django\core\handlers\exception.py", line 55, in inner
    response = get_response(request)
               ^^^^^^^^^^^^^^^^^^^^^
  File "C:\Myenv\Lib\site-packages\django\core\handlers\base.py", line 198, in _get_response
    response = wrapped_callback(request, *callback_args, **callback_kwargs)
               ^^^^^^^^^^^^^^^^^^^^^^^^^^^^^^^^^^^^^^^^^^^^^^^^^^^^^^^^^^^^
  File "C:\Myenv\Lib\site-packages\django\views\decorators\csrf.py", line 65, in _view_wrapper
    return view_func(request, *args, **kwargs)
           ^^^^^^^^^^^^^^^^^^^^^^^^^^^^^^^^^^^
  File "C:\Myenv\Lib\site-packages\django\views\generic\base.py", line 106, in view
    return self.dispatch(request, *args, **kwargs)
           ^^^^^^^^^^^^^^^^^^^^^^^^^^^^^^^^^^^^^^^
  File "C:\Myenv\Lib\site-packages\rest_framework\views.py", line 509, in dispatch
    response = self.handle_exception(exc)
               ^^^^^^^^^^^^^^^^^^^^^^^^^^
  File "C:\Myenv\Lib\site-packages\rest_framework\views.py", line 469, in handle_exception
    self.raise_uncaught_exception(exc)
  File "C:\Myenv\Lib\site-packages\rest_framework\views.py", line 480, in raise_uncaught_exception
    raise exc
  File "C:\Myenv\Lib\site-packages\rest_framework\views.py", line 506, in dispatch
    response = handler(request, *args, **kwargs)
               ^^^^^^^^^^^^^^^^^^^^^^^^^^^^^^^^^
TypeError: BulkFileProcessor.get() got multiple values for argument 'job_id'
ERROR 2026-05-17 18:49:24,392 log 35656 39084 "GET /content/download/b6f97731-7b77-437d-b0b9-cfedf069e878 HTTP/1.1" 500 100600
INFO 2026-05-17 18:49:56,617 autoreload 35656 39444 C:\python-projects\contentgraph_backend\content\views.py changed, reloading.
INFO 2026-05-17 18:49:59,589 autoreload 20188 40516 Watching for file changes with StatReloader
WARNING 2026-05-17 18:50:08,304 log 20188 27180 Bad Request: /content/download/b6f97731-7b77-437d-b0b9-cfedf069e878
WARNING 2026-05-17 18:50:08,308 log 20188 27180 "GET /content/download/b6f97731-7b77-437d-b0b9-cfedf069e878 HTTP/1.1" 400 54
ERROR 2026-05-17 18:50:56,433 log 20188 27180 Internal Server Error: /content/download/be9b99c8-7e64-491d-a9cd-cc2653be956a
Traceback (most recent call last):
  File "C:\Myenv\Lib\site-packages\django\core\handlers\exception.py", line 55, in inner
    response = get_response(request)
               ^^^^^^^^^^^^^^^^^^^^^
  File "C:\Myenv\Lib\site-packages\django\core\handlers\base.py", line 198, in _get_response
    response = wrapped_callback(request, *callback_args, **callback_kwargs)
               ^^^^^^^^^^^^^^^^^^^^^^^^^^^^^^^^^^^^^^^^^^^^^^^^^^^^^^^^^^^^
  File "C:\Myenv\Lib\site-packages\django\views\decorators\csrf.py", line 65, in _view_wrapper
    return view_func(request, *args, **kwargs)
           ^^^^^^^^^^^^^^^^^^^^^^^^^^^^^^^^^^^
  File "C:\Myenv\Lib\site-packages\django\views\generic\base.py", line 106, in view
    return self.dispatch(request, *args, **kwargs)
           ^^^^^^^^^^^^^^^^^^^^^^^^^^^^^^^^^^^^^^^
  File "C:\Myenv\Lib\site-packages\rest_framework\views.py", line 509, in dispatch
    response = self.handle_exception(exc)
               ^^^^^^^^^^^^^^^^^^^^^^^^^^
  File "C:\Myenv\Lib\site-packages\rest_framework\views.py", line 469, in handle_exception
    self.raise_uncaught_exception(exc)
  File "C:\Myenv\Lib\site-packages\rest_framework\views.py", line 480, in raise_uncaught_exception
    raise exc
  File "C:\Myenv\Lib\site-packages\rest_framework\views.py", line 506, in dispatch
    response = handler(request, *args, **kwargs)
               ^^^^^^^^^^^^^^^^^^^^^^^^^^^^^^^^^
  File "C:\python-projects\contentgraph_backend\content\views.py", line 178, in get
    'Bucket': settings.AWS_BUCKET_NAME,
              ^^^^^^^^^^^^^^^^^^^^^^^^
  File "C:\Myenv\Lib\site-packages\django\conf\__init__.py", line 77, in __getattr__
    val = getattr(_wrapped, name)
          ^^^^^^^^^^^^^^^^^^^^^^^
AttributeError: 'Settings' object has no attribute 'AWS_BUCKET_NAME'
ERROR 2026-05-17 18:50:56,459 log 20188 27180 "GET /content/download/be9b99c8-7e64-491d-a9cd-cc2653be956a HTTP/1.1" 500 109363
INFO 2026-05-17 18:51:46,516 autoreload 20188 40516 C:\python-projects\contentgraph_backend\contentgraph_backend\settings.py changed, reloading.
INFO 2026-05-17 18:51:50,177 autoreload 33856 34408 Watching for file changes with StatReloader
INFO 2026-05-17 18:52:35,143 autoreload 33856 34408 C:\python-projects\contentgraph_backend\content\csv_task.py changed, reloading.
INFO 2026-05-17 18:52:38,315 autoreload 17084 15080 Watching for file changes with StatReloader
WARNING 2026-05-17 18:52:48,114 log 17084 10660 Unauthorized: /content/download/be9b99c8-7e64-491d-a9cd-cc2653be956a
WARNING 2026-05-17 18:52:48,114 log 17084 10660 "GET /content/download/be9b99c8-7e64-491d-a9cd-cc2653be956a HTTP/1.1" 401 183
INFO 2026-05-17 18:53:13,735 views 17084 10660 User logged in: nikitasaxena43@gmail.com
INFO 2026-05-17 18:53:13,739 log 17084 10660 "POST /auth/signin HTTP/1.1" 200 672
INFO 2026-05-17 18:53:25,777 log 17084 10660 "GET /content/download/be9b99c8-7e64-491d-a9cd-cc2653be956a HTTP/1.1" 200 352
INFO 2026-05-17 18:55:55,299 autoreload 17084 15080 C:\python-projects\contentgraph_backend\content\views.py changed, reloading.
INFO 2026-05-17 18:55:59,248 autoreload 12100 2336 Watching for file changes with StatReloader
INFO 2026-05-17 19:05:40,908 autoreload 12100 2336 C:\python-projects\contentgraph_backend\content\views.py changed, reloading.
INFO 2026-05-17 19:05:45,805 autoreload 2052 34432 Watching for file changes with StatReloader
INFO 2026-05-17 19:06:09,648 views 2052 26828 User logged in: nikitasaxena43@gmail.com
INFO 2026-05-17 19:06:09,654 log 2052 26828 "POST /auth/signin HTTP/1.1" 200 672
INFO 2026-05-17 19:07:19,419 autoreload 2052 34432 C:\python-projects\contentgraph_backend\content\views.py changed, reloading.
INFO 2026-05-17 19:07:22,647 autoreload 40672 6908 Watching for file changes with StatReloader
ERROR 2026-05-17 19:07:32,828 log 40672 21788 Internal Server Error: /content/download/be9b99c8-7e64-491d-a9cd-cc2653be956a
Traceback (most recent call last):
  File "C:\Myenv\Lib\site-packages\django\core\handlers\exception.py", line 55, in inner
    response = get_response(request)
               ^^^^^^^^^^^^^^^^^^^^^
  File "C:\Myenv\Lib\site-packages\django\core\handlers\base.py", line 198, in _get_response
    response = wrapped_callback(request, *callback_args, **callback_kwargs)
               ^^^^^^^^^^^^^^^^^^^^^^^^^^^^^^^^^^^^^^^^^^^^^^^^^^^^^^^^^^^^
  File "C:\Myenv\Lib\site-packages\django\views\decorators\csrf.py", line 65, in _view_wrapper
    return view_func(request, *args, **kwargs)
           ^^^^^^^^^^^^^^^^^^^^^^^^^^^^^^^^^^^
  File "C:\Myenv\Lib\site-packages\django\views\generic\base.py", line 106, in view
    return self.dispatch(request, *args, **kwargs)
           ^^^^^^^^^^^^^^^^^^^^^^^^^^^^^^^^^^^^^^^
  File "C:\Myenv\Lib\site-packages\rest_framework\views.py", line 509, in dispatch
    response = self.handle_exception(exc)
               ^^^^^^^^^^^^^^^^^^^^^^^^^^
  File "C:\Myenv\Lib\site-packages\rest_framework\views.py", line 469, in handle_exception
    self.raise_uncaught_exception(exc)
  File "C:\Myenv\Lib\site-packages\rest_framework\views.py", line 480, in raise_uncaught_exception
    raise exc
  File "C:\Myenv\Lib\site-packages\rest_framework\views.py", line 506, in dispatch
    response = handler(request, *args, **kwargs)
               ^^^^^^^^^^^^^^^^^^^^^^^^^^^^^^^^^
  File "C:\python-projects\contentgraph_backend\content\views.py", line 186, in get
    s3_object['Body'].iter_chunks(chunk_size=8192),
    ^^^^^^^^^
NameError: name 's3_object' is not defined. Did you mean: 'object'?
ERROR 2026-05-17 19:07:32,838 log 40672 21788 "GET /content/download/be9b99c8-7e64-491d-a9cd-cc2653be956a HTTP/1.1" 500 105485
INFO 2026-05-17 19:07:47,671 autoreload 40672 6908 C:\python-projects\contentgraph_backend\content\views.py changed, reloading.
INFO 2026-05-17 19:07:50,663 autoreload 20244 31148 Watching for file changes with StatReloader
ERROR 2026-05-17 19:08:00,632 log 20244 19684 Internal Server Error: /content/download/be9b99c8-7e64-491d-a9cd-cc2653be956a
Traceback (most recent call last):
  File "C:\Myenv\Lib\site-packages\django\core\handlers\exception.py", line 55, in inner
    response = get_response(request)
               ^^^^^^^^^^^^^^^^^^^^^
  File "C:\Myenv\Lib\site-packages\django\core\handlers\base.py", line 198, in _get_response
    response = wrapped_callback(request, *callback_args, **callback_kwargs)
               ^^^^^^^^^^^^^^^^^^^^^^^^^^^^^^^^^^^^^^^^^^^^^^^^^^^^^^^^^^^^
  File "C:\Myenv\Lib\site-packages\django\views\decorators\csrf.py", line 65, in _view_wrapper
    return view_func(request, *args, **kwargs)
           ^^^^^^^^^^^^^^^^^^^^^^^^^^^^^^^^^^^
  File "C:\Myenv\Lib\site-packages\django\views\generic\base.py", line 106, in view
    return self.dispatch(request, *args, **kwargs)
           ^^^^^^^^^^^^^^^^^^^^^^^^^^^^^^^^^^^^^^^
  File "C:\Myenv\Lib\site-packages\rest_framework\views.py", line 509, in dispatch
    response = self.handle_exception(exc)
               ^^^^^^^^^^^^^^^^^^^^^^^^^^
  File "C:\Myenv\Lib\site-packages\rest_framework\views.py", line 469, in handle_exception
    self.raise_uncaught_exception(exc)
  File "C:\Myenv\Lib\site-packages\rest_framework\views.py", line 480, in raise_uncaught_exception
    raise exc
  File "C:\Myenv\Lib\site-packages\rest_framework\views.py", line 506, in dispatch
    response = handler(request, *args, **kwargs)
               ^^^^^^^^^^^^^^^^^^^^^^^^^^^^^^^^^
  File "C:\python-projects\contentgraph_backend\content\views.py", line 186, in get
    s3['Body'].iter_chunks(chunk_size=8192),
    ~~^^^^^^^^
TypeError: 'S3' object is not subscriptable
ERROR 2026-05-17 19:08:00,986 log 20244 19684 "GET /content/download/be9b99c8-7e64-491d-a9cd-cc2653be956a HTTP/1.1" 500 105479
ERROR 2026-05-17 19:08:14,912 log 20244 19684 Internal Server Error: /content/download/be9b99c8-7e64-491d-a9cd-cc2653be956a
Traceback (most recent call last):
  File "C:\Myenv\Lib\site-packages\django\core\handlers\exception.py", line 55, in inner
    response = get_response(request)
               ^^^^^^^^^^^^^^^^^^^^^
  File "C:\Myenv\Lib\site-packages\django\core\handlers\base.py", line 198, in _get_response
    response = wrapped_callback(request, *callback_args, **callback_kwargs)
               ^^^^^^^^^^^^^^^^^^^^^^^^^^^^^^^^^^^^^^^^^^^^^^^^^^^^^^^^^^^^
  File "C:\Myenv\Lib\site-packages\django\views\decorators\csrf.py", line 65, in _view_wrapper
    return view_func(request, *args, **kwargs)
           ^^^^^^^^^^^^^^^^^^^^^^^^^^^^^^^^^^^
  File "C:\Myenv\Lib\site-packages\django\views\generic\base.py", line 106, in view
    return self.dispatch(request, *args, **kwargs)
           ^^^^^^^^^^^^^^^^^^^^^^^^^^^^^^^^^^^^^^^
  File "C:\Myenv\Lib\site-packages\rest_framework\views.py", line 509, in dispatch
    response = self.handle_exception(exc)
               ^^^^^^^^^^^^^^^^^^^^^^^^^^
  File "C:\Myenv\Lib\site-packages\rest_framework\views.py", line 469, in handle_exception
    self.raise_uncaught_exception(exc)
  File "C:\Myenv\Lib\site-packages\rest_framework\views.py", line 480, in raise_uncaught_exception
    raise exc
  File "C:\Myenv\Lib\site-packages\rest_framework\views.py", line 506, in dispatch
    response = handler(request, *args, **kwargs)
               ^^^^^^^^^^^^^^^^^^^^^^^^^^^^^^^^^
  File "C:\python-projects\contentgraph_backend\content\views.py", line 186, in get
    s3['Body'].iter_chunks(chunk_size=8192),
    ~~^^^^^^^^
TypeError: 'S3' object is not subscriptable
ERROR 2026-05-17 19:08:14,914 log 20244 19684 "GET /content/download/be9b99c8-7e64-491d-a9cd-cc2653be956a HTTP/1.1" 500 105479
INFO 2026-05-17 19:10:16,939 autoreload 20244 31148 C:\python-projects\contentgraph_backend\content\views.py changed, reloading.
INFO 2026-05-17 19:10:19,966 autoreload 37936 34088 Watching for file changes with StatReloader
INFO 2026-05-17 19:11:07,306 autoreload 37936 34088 C:\python-projects\contentgraph_backend\content\views.py changed, reloading.
INFO 2026-05-17 19:11:10,105 autoreload 27528 30768 Watching for file changes with StatReloader
WARNING 2026-05-17 19:11:20,587 log 27528 29920 Unauthorized: /content/download/be9b99c8-7e64-491d-a9cd-cc2653be956a
WARNING 2026-05-17 19:11:20,589 log 27528 29920 "GET /content/download/be9b99c8-7e64-491d-a9cd-cc2653be956a HTTP/1.1" 401 183
INFO 2026-05-17 19:11:29,530 views 27528 29920 User logged in: nikitasaxena43@gmail.com
INFO 2026-05-17 19:11:29,532 log 27528 29920 "POST /auth/signin HTTP/1.1" 200 672
INFO 2026-05-17 19:11:52,843 log 27528 29920 "GET /content/download/be9b99c8-7e64-491d-a9cd-cc2653be956a HTTP/1.1" 200 314
INFO 2026-05-17 19:14:38,456 autoreload 27528 30768 C:\python-projects\contentgraph_backend\content\views.py changed, reloading.
INFO 2026-05-17 19:14:42,841 autoreload 37780 36868 Watching for file changes with StatReloader
INFO 2026-05-17 19:15:21,565 autoreload 37780 36868 C:\python-projects\contentgraph_backend\content\views.py changed, reloading.
INFO 2026-05-17 19:15:24,664 autoreload 27888 3436 Watching for file changes with StatReloader
INFO 2026-05-17 19:15:35,286 log 27888 7852 "GET /content/download/be9b99c8-7e64-491d-a9cd-cc2653be956a HTTP/1.1" 200 74
INFO 2026-05-17 19:15:45,427 log 27888 29928 "GET /content/download/be9b99c8-7e64-491d-a9cd-cc2653be956a HTTP/1.1" 200 74
WARNING 2026-05-17 19:16:19,795 log 27888 37200 Unauthorized: /content/download/be9b99c8-7e64-491d-a9cd-cc2653be956a
WARNING 2026-05-17 19:16:19,801 log 27888 37200 "GET /content/download/be9b99c8-7e64-491d-a9cd-cc2653be956a HTTP/1.1" 401 10098
INFO 2026-05-17 19:16:20,284 log 27888 38868 "GET /static/rest_framework/css/prettify.css HTTP/1.1" 200 817
INFO 2026-05-17 19:16:20,291 log 27888 1016 "GET /static/rest_framework/css/default.css HTTP/1.1" 200 1152
INFO 2026-05-17 19:16:20,292 log 27888 26892 "GET /static/rest_framework/css/bootstrap-tweaks.css HTTP/1.1" 200 3426
INFO 2026-05-17 19:16:20,323 log 27888 37200 "GET /static/rest_framework/css/bootstrap.min.css HTTP/1.1" 200 121457
INFO 2026-05-17 19:16:20,405 log 27888 37200 "GET /static/rest_framework/js/default.js HTTP/1.1" 200 1268
INFO 2026-05-17 19:16:20,411 log 27888 14656 "GET /static/rest_framework/js/ajax-form.js HTTP/1.1" 200 3796
INFO 2026-05-17 19:16:20,413 log 27888 38868 "GET /static/rest_framework/js/csrf.js HTTP/1.1" 200 1793
INFO 2026-05-17 19:16:20,417 log 27888 38868 "GET /static/rest_framework/img/grid.png HTTP/1.1" 200 1458
INFO 2026-05-17 19:16:20,439 log 27888 37200 "GET /static/rest_framework/js/load-ajax-form.js HTTP/1.1" 200 59
INFO 2026-05-17 19:16:20,446 log 27888 1016 "GET /static/rest_framework/js/bootstrap.min.js HTTP/1.1" 200 39680
INFO 2026-05-17 19:16:20,446 log 27888 26892 "GET /static/rest_framework/js/prettify-min.js HTTP/1.1" 200 13632
INFO 2026-05-17 19:16:20,515 log 27888 23028 "GET /static/rest_framework/js/jquery-3.7.1.min.js HTTP/1.1" 200 87533
WARNING 2026-05-17 19:16:21,339 log 27888 23028 Not Found: /favicon.ico
WARNING 2026-05-17 19:16:21,342 log 27888 23028 "GET /favicon.ico HTTP/1.1" 404 2672
WARNING 2026-05-17 19:16:31,708 log 27888 23584 Unauthorized: /content/download/be9b99c8-7e64-491d-a9cd-cc2653be956a
WARNING 2026-05-17 19:16:31,709 log 27888 23584 "GET /content/download/be9b99c8-7e64-491d-a9cd-cc2653be956a HTTP/1.1" 401 183
WARNING 2026-05-17 19:16:33,639 log 27888 23584 Unauthorized: /content/download/be9b99c8-7e64-491d-a9cd-cc2653be956a
WARNING 2026-05-17 19:16:33,639 log 27888 23584 "GET /content/download/be9b99c8-7e64-491d-a9cd-cc2653be956a HTTP/1.1" 401 183
INFO 2026-05-17 19:17:17,839 autoreload 27888 3436 C:\python-projects\contentgraph_backend\content\csv_task.py changed, reloading.
INFO 2026-05-17 19:17:22,552 autoreload 38416 24732 Watching for file changes with StatReloader
INFO 2026-05-17 20:27:01,761 autoreload 38416 24732 C:\python-projects\contentgraph_backend\content\tasks.py changed, reloading.
INFO 2026-05-17 20:27:08,496 autoreload 32368 39060 Watching for file changes with StatReloader
INFO 2026-05-17 20:27:36,942 autoreload 32368 39060 C:\python-projects\contentgraph_backend\content\views.py changed, reloading.
INFO 2026-05-17 20:27:40,577 autoreload 40192 37712 Watching for file changes with StatReloader
INFO 2026-05-17 21:09:58,443 autoreload 40192 37712 C:\python-projects\contentgraph_backend\contentgraph_backend\__init__.py changed, reloading.
INFO 2026-05-17 21:10:03,638 autoreload 39364 23380 Watching for file changes with StatReloader
INFO 2026-05-17 21:10:32,244 autoreload 39364 23380 C:\python-projects\contentgraph_backend\contentgraph_backend\settings.py changed, reloading.
INFO 2026-05-17 21:10:35,560 autoreload 15732 37104 Watching for file changes with StatReloader
INFO 2026-05-25 13:01:59,529 autoreload 38624 36872 Watching for file changes with StatReloader
INFO 2026-05-26 17:47:08,334 autoreload 14284 16708 Watching for file changes with StatReloader
INFO 2026-05-26 17:48:04,966 log 14284 22940 "OPTIONS /auth/signin HTTP/1.1" 200 0
INFO 2026-05-26 17:48:06,799 views 14284 27872 User logged in: nikitasaxenainfo@gmail.com
INFO 2026-05-26 17:48:06,812 log 14284 27872 "POST /auth/signin HTTP/1.1" 200 680
INFO 2026-05-26 17:50:14,315 views 14284 27872 User logged in: nikitasaxenainfo@gmail.com
INFO 2026-05-26 17:50:14,315 log 14284 27872 "POST /auth/signin HTTP/1.1" 200 680
INFO 2026-05-26 17:59:03,134 autoreload 14284 16708 C:\python-projects\contentgraph_backend\services\fastapi_client.py changed, reloading.
INFO 2026-05-26 17:59:06,683 autoreload 19576 22968 Watching for file changes with StatReloader
INFO 2026-05-26 18:08:02,304 autoreload 14552 3192 Watching for file changes with StatReloader
INFO 2026-05-26 18:10:02,516 log 14552 1736 "OPTIONS /content/generate-content HTTP/1.1" 200 0
WARNING 2026-05-26 18:10:02,536 log 14552 26328 Unauthorized: /content/generate-content
WARNING 2026-05-26 18:10:02,536 log 14552 26328 "POST /content/generate-content HTTP/1.1" 401 183
INFO 2026-05-26 18:10:20,030 views 14552 26328 User logged in: nikitasaxenainfo@gmail.com
INFO 2026-05-26 18:10:20,032 log 14552 26328 "POST /auth/signin HTTP/1.1" 200 680
INFO 2026-05-26 18:10:46,283 log 14552 26328 "POST /content/generate-content HTTP/1.1" 202 71
INFO 2026-05-26 18:10:46,335 log 14552 1736 "OPTIONS /content/generate/f9958595-9bc3-4bf3-b74d-24eafb1d3ff1 HTTP/1.1" 200 0
INFO 2026-05-26 18:10:46,505 log 14552 26328 "GET /content/generate/f9958595-9bc3-4bf3-b74d-24eafb1d3ff1 HTTP/1.1" 200 21
INFO 2026-05-26 18:10:49,509 log 14552 26328 "GET /content/generate/f9958595-9bc3-4bf3-b74d-24eafb1d3ff1 HTTP/1.1" 200 21
INFO 2026-05-26 18:10:53,104 log 14552 26328 "GET /content/generate/f9958595-9bc3-4bf3-b74d-24eafb1d3ff1 HTTP/1.1" 200 21
INFO 2026-05-26 18:10:56,101 log 14552 26328 "GET /content/generate/f9958595-9bc3-4bf3-b74d-24eafb1d3ff1 HTTP/1.1" 200 21
INFO 2026-05-26 18:10:59,200 log 14552 26328 "GET /content/generate/f9958595-9bc3-4bf3-b74d-24eafb1d3ff1 HTTP/1.1" 200 21
INFO 2026-05-26 18:11:01,529 log 14552 26328 "GET /content/generate/f9958595-9bc3-4bf3-b74d-24eafb1d3ff1 HTTP/1.1" 200 21
ERROR 2026-05-26 18:11:04,502 log 14552 26328 Internal Server Error: /content/generate/f9958595-9bc3-4bf3-b74d-24eafb1d3ff1
ERROR 2026-05-26 18:11:04,502 log 14552 26328 "GET /content/generate/f9958595-9bc3-4bf3-b74d-24eafb1d3ff1 HTTP/1.1" 500 58
INFO 2026-05-26 18:12:58,219 autoreload 14552 3192 C:\python-projects\contentgraph_backend\content\tasks.py changed, reloading.
INFO 2026-05-26 18:13:00,797 autoreload 2300 34960 Watching for file changes with StatReloader
ERROR 2026-05-26 18:15:53,144 log 2300 18764 Internal Server Error: /auth/signin
Traceback (most recent call last):
  File "C:\Myenv\Lib\site-packages\django\db\backends\base\base.py", line 279, in ensure_connection
    self.connect()
  File "C:\Myenv\Lib\site-packages\django\utils\asyncio.py", line 26, in inner
    return func(*args, **kwargs)
           ^^^^^^^^^^^^^^^^^^^^^
  File "C:\Myenv\Lib\site-packages\django\db\backends\base\base.py", line 256, in connect
    self.connection = self.get_new_connection(conn_params)
                      ^^^^^^^^^^^^^^^^^^^^^^^^^^^^^^^^^^^^
  File "C:\Myenv\Lib\site-packages\django\utils\asyncio.py", line 26, in inner
    return func(*args, **kwargs)
           ^^^^^^^^^^^^^^^^^^^^^
  File "C:\Myenv\Lib\site-packages\django\db\backends\postgresql\base.py", line 333, in get_new_connection
    connection = self.Database.connect(**conn_params)
                 ^^^^^^^^^^^^^^^^^^^^^^^^^^^^^^^^^^^^
  File "C:\Myenv\Lib\site-packages\psycopg2\__init__.py", line 135, in connect
    conn = _connect(dsn, connection_factory=connection_factory, **kwasync)
           ^^^^^^^^^^^^^^^^^^^^^^^^^^^^^^^^^^^^^^^^^^^^^^^^^^^^^^^^^^^^^^^
psycopg2.OperationalError: could not translate host name "aws-1-ap-southeast-1.pooler.supabase.com" to address: Name or service not known


The above exception was the direct cause of the following exception:

Traceback (most recent call last):
  File "C:\Myenv\Lib\site-packages\django\core\handlers\exception.py", line 55, in inner
    response = get_response(request)
               ^^^^^^^^^^^^^^^^^^^^^
  File "C:\Myenv\Lib\site-packages\django\core\handlers\base.py", line 198, in _get_response
    response = wrapped_callback(request, *callback_args, **callback_kwargs)
               ^^^^^^^^^^^^^^^^^^^^^^^^^^^^^^^^^^^^^^^^^^^^^^^^^^^^^^^^^^^^
  File "C:\Myenv\Lib\site-packages\django\views\decorators\csrf.py", line 65, in _view_wrapper
    return view_func(request, *args, **kwargs)
           ^^^^^^^^^^^^^^^^^^^^^^^^^^^^^^^^^^^
  File "C:\Myenv\Lib\site-packages\django\views\generic\base.py", line 106, in view
    return self.dispatch(request, *args, **kwargs)
           ^^^^^^^^^^^^^^^^^^^^^^^^^^^^^^^^^^^^^^^
  File "C:\Myenv\Lib\site-packages\rest_framework\views.py", line 509, in dispatch
    response = self.handle_exception(exc)
               ^^^^^^^^^^^^^^^^^^^^^^^^^^
  File "C:\Myenv\Lib\site-packages\rest_framework\views.py", line 469, in handle_exception
    self.raise_uncaught_exception(exc)
  File "C:\Myenv\Lib\site-packages\rest_framework\views.py", line 480, in raise_uncaught_exception
    raise exc
  File "C:\Myenv\Lib\site-packages\rest_framework\views.py", line 506, in dispatch
    response = handler(request, *args, **kwargs)
               ^^^^^^^^^^^^^^^^^^^^^^^^^^^^^^^^^
  File "C:\python-projects\contentgraph_backend\users\views.py", line 107, in post
    user = User.objects.get(email=email)
           ^^^^^^^^^^^^^^^^^^^^^^^^^^^^^
  File "C:\Myenv\Lib\site-packages\django\db\models\manager.py", line 87, in manager_method
    return getattr(self.get_queryset(), name)(*args, **kwargs)
           ^^^^^^^^^^^^^^^^^^^^^^^^^^^^^^^^^^^^^^^^^^^^^^^^^^^
  File "C:\Myenv\Lib\site-packages\django\db\models\query.py", line 635, in get
    num = len(clone)
          ^^^^^^^^^^
  File "C:\Myenv\Lib\site-packages\django\db\models\query.py", line 372, in __len__
    self._fetch_all()
  File "C:\Myenv\Lib\site-packages\django\db\models\query.py", line 2000, in _fetch_all
    self._result_cache = list(self._iterable_class(self))
                         ^^^^^^^^^^^^^^^^^^^^^^^^^^^^^^^^
  File "C:\Myenv\Lib\site-packages\django\db\models\query.py", line 95, in __iter__
    results = compiler.execute_sql(
              ^^^^^^^^^^^^^^^^^^^^^
  File "C:\Myenv\Lib\site-packages\django\db\models\sql\compiler.py", line 1622, in execute_sql
    cursor = self.connection.cursor()
             ^^^^^^^^^^^^^^^^^^^^^^^^
  File "C:\Myenv\Lib\site-packages\django\utils\asyncio.py", line 26, in inner
    return func(*args, **kwargs)
           ^^^^^^^^^^^^^^^^^^^^^
  File "C:\Myenv\Lib\site-packages\django\db\backends\base\base.py", line 320, in cursor
    return self._cursor()
           ^^^^^^^^^^^^^^
  File "C:\Myenv\Lib\site-packages\django\db\backends\base\base.py", line 296, in _cursor
    self.ensure_connection()
  File "C:\Myenv\Lib\site-packages\django\utils\asyncio.py", line 26, in inner
    return func(*args, **kwargs)
           ^^^^^^^^^^^^^^^^^^^^^
  File "C:\Myenv\Lib\site-packages\django\db\backends\base\base.py", line 278, in ensure_connection
    with self.wrap_database_errors:
         ^^^^^^^^^^^^^^^^^^^^^^^^^
  File "C:\Myenv\Lib\site-packages\django\db\utils.py", line 94, in __exit__
    raise dj_exc_value.with_traceback(traceback) from exc_value
  File "C:\Myenv\Lib\site-packages\django\db\backends\base\base.py", line 279, in ensure_connection
    self.connect()
  File "C:\Myenv\Lib\site-packages\django\utils\asyncio.py", line 26, in inner
    return func(*args, **kwargs)
           ^^^^^^^^^^^^^^^^^^^^^
  File "C:\Myenv\Lib\site-packages\django\db\backends\base\base.py", line 256, in connect
    self.connection = self.get_new_connection(conn_params)
                      ^^^^^^^^^^^^^^^^^^^^^^^^^^^^^^^^^^^^
  File "C:\Myenv\Lib\site-packages\django\utils\asyncio.py", line 26, in inner
    return func(*args, **kwargs)
           ^^^^^^^^^^^^^^^^^^^^^
  File "C:\Myenv\Lib\site-packages\django\db\backends\postgresql\base.py", line 333, in get_new_connection
    connection = self.Database.connect(**conn_params)
                 ^^^^^^^^^^^^^^^^^^^^^^^^^^^^^^^^^^^^
  File "C:\Myenv\Lib\site-packages\psycopg2\__init__.py", line 135, in connect
    conn = _connect(dsn, connection_factory=connection_factory, **kwasync)
           ^^^^^^^^^^^^^^^^^^^^^^^^^^^^^^^^^^^^^^^^^^^^^^^^^^^^^^^^^^^^^^^
django.db.utils.OperationalError: could not translate host name "aws-1-ap-southeast-1.pooler.supabase.com" to address: Name or service not known

ERROR 2026-05-26 18:15:53,160 log 2300 18764 "POST /auth/signin HTTP/1.1" 500 27454
INFO 2026-05-26 18:16:14,105 views 2300 18764 User logged in: nikitasaxenainfo@gmail.com
INFO 2026-05-26 18:16:14,108 log 2300 18764 "POST /auth/signin HTTP/1.1" 200 680
INFO 2026-05-26 18:16:55,078 log 2300 18764 "POST /content/generate-content HTTP/1.1" 202 71
INFO 2026-05-26 18:16:55,105 log 2300 23640 "OPTIONS /content/generate/8aee51a8-59a2-46a9-a9f5-8e2c7e11b538 HTTP/1.1" 200 0
INFO 2026-05-26 18:16:55,289 log 2300 18764 "GET /content/generate/8aee51a8-59a2-46a9-a9f5-8e2c7e11b538 HTTP/1.1" 200 21
INFO 2026-05-26 18:16:58,279 log 2300 18764 "GET /content/generate/8aee51a8-59a2-46a9-a9f5-8e2c7e11b538 HTTP/1.1" 200 21
INFO 2026-05-26 18:17:01,372 log 2300 18764 "GET /content/generate/8aee51a8-59a2-46a9-a9f5-8e2c7e11b538 HTTP/1.1" 200 24
INFO 2026-05-26 18:17:05,203 log 2300 18764 "GET /content/generate/8aee51a8-59a2-46a9-a9f5-8e2c7e11b538 HTTP/1.1" 200 24
INFO 2026-05-26 18:17:08,211 log 2300 18764 "GET /content/generate/8aee51a8-59a2-46a9-a9f5-8e2c7e11b538 HTTP/1.1" 200 24
INFO 2026-05-26 18:17:11,202 log 2300 18764 "GET /content/generate/8aee51a8-59a2-46a9-a9f5-8e2c7e11b538 HTTP/1.1" 200 24
INFO 2026-05-26 18:17:14,307 log 2300 18764 "GET /content/generate/8aee51a8-59a2-46a9-a9f5-8e2c7e11b538 HTTP/1.1" 200 24
ERROR 2026-05-26 18:17:17,109 log 2300 18764 Internal Server Error: /content/generate/8aee51a8-59a2-46a9-a9f5-8e2c7e11b538
ERROR 2026-05-26 18:17:17,109 log 2300 18764 "GET /content/generate/8aee51a8-59a2-46a9-a9f5-8e2c7e11b538 HTTP/1.1" 500 68
INFO 2026-05-26 18:17:42,327 views 2300 18764 User logged in: nikitasaxenainfo@gmail.com
INFO 2026-05-26 18:17:42,330 log 2300 18764 "POST /auth/signin HTTP/1.1" 200 680
INFO 2026-05-26 18:18:06,109 log 2300 18764 "POST /content/generate-content HTTP/1.1" 202 71
INFO 2026-05-26 18:18:06,138 log 2300 23640 "OPTIONS /content/generate/5b85a05f-dde4-4291-b2ee-214fec54c659 HTTP/1.1" 200 0
INFO 2026-05-26 18:18:06,318 log 2300 18764 "GET /content/generate/5b85a05f-dde4-4291-b2ee-214fec54c659 HTTP/1.1" 200 21
INFO 2026-05-26 18:18:10,117 log 2300 18764 "GET /content/generate/5b85a05f-dde4-4291-b2ee-214fec54c659 HTTP/1.1" 200 21
INFO 2026-05-26 18:18:13,098 log 2300 18764 "GET /content/generate/5b85a05f-dde4-4291-b2ee-214fec54c659 HTTP/1.1" 200 21
INFO 2026-05-26 18:18:16,114 log 2300 18764 "GET /content/generate/5b85a05f-dde4-4291-b2ee-214fec54c659 HTTP/1.1" 200 21
INFO 2026-05-26 18:18:19,106 log 2300 18764 "GET /content/generate/5b85a05f-dde4-4291-b2ee-214fec54c659 HTTP/1.1" 200 21
ERROR 2026-05-26 18:18:22,108 log 2300 18764 Internal Server Error: /content/generate/5b85a05f-dde4-4291-b2ee-214fec54c659
ERROR 2026-05-26 18:18:22,108 log 2300 18764 "GET /content/generate/5b85a05f-dde4-4291-b2ee-214fec54c659 HTTP/1.1" 500 58
INFO 2026-05-26 18:19:41,373 views 2300 18764 User logged in: nikitasaxenainfo@gmail.com
INFO 2026-05-26 18:19:41,386 log 2300 18764 "POST /auth/signin HTTP/1.1" 200 680
INFO 2026-05-26 18:20:08,499 log 2300 18764 "POST /content/generate-content HTTP/1.1" 202 71
INFO 2026-05-26 18:20:08,530 log 2300 23640 "OPTIONS /content/generate/7ed77687-7afd-43ef-9e9a-b7fbcc352540 HTTP/1.1" 200 0
INFO 2026-05-26 18:20:08,719 log 2300 18764 "GET /content/generate/7ed77687-7afd-43ef-9e9a-b7fbcc352540 HTTP/1.1" 200 21
INFO 2026-05-26 18:20:12,100 log 2300 18764 "GET /content/generate/7ed77687-7afd-43ef-9e9a-b7fbcc352540 HTTP/1.1" 200 21
INFO 2026-05-26 18:20:15,159 log 2300 18764 "GET /content/generate/7ed77687-7afd-43ef-9e9a-b7fbcc352540 HTTP/1.1" 200 21
INFO 2026-05-26 18:20:18,104 log 2300 18764 "GET /content/generate/7ed77687-7afd-43ef-9e9a-b7fbcc352540 HTTP/1.1" 200 21
INFO 2026-05-26 18:20:21,113 log 2300 18764 "GET /content/generate/7ed77687-7afd-43ef-9e9a-b7fbcc352540 HTTP/1.1" 200 21
INFO 2026-05-26 18:20:24,128 log 2300 18764 "GET /content/generate/7ed77687-7afd-43ef-9e9a-b7fbcc352540 HTTP/1.1" 200 21
INFO 2026-05-26 18:20:26,703 log 2300 18764 "GET /content/generate/7ed77687-7afd-43ef-9e9a-b7fbcc352540 HTTP/1.1" 200 21
INFO 2026-05-26 18:20:32,728 views 2300 18764 User logged in: nikitasaxenainfo@gmail.com
INFO 2026-05-26 18:20:32,728 log 2300 18764 "POST /auth/signin HTTP/1.1" 200 680
INFO 2026-05-26 18:21:00,207 log 2300 18764 "POST /content/generate-content HTTP/1.1" 202 71
INFO 2026-05-26 18:21:00,235 log 2300 23640 "OPTIONS /content/generate/b4a05db4-7bed-4390-bb46-81e2d426c29b HTTP/1.1" 200 0
INFO 2026-05-26 18:21:00,446 log 2300 18764 "GET /content/generate/b4a05db4-7bed-4390-bb46-81e2d426c29b HTTP/1.1" 200 21
ERROR 2026-05-26 18:21:04,152 log 2300 18764 Internal Server Error: /content/generate/b4a05db4-7bed-4390-bb46-81e2d426c29b
ERROR 2026-05-26 18:21:04,152 log 2300 18764 "GET /content/generate/b4a05db4-7bed-4390-bb46-81e2d426c29b HTTP/1.1" 500 58
INFO 2026-05-26 18:21:29,872 autoreload 2300 34960 C:\python-projects\contentgraph_backend\content\tasks.py changed, reloading.
INFO 2026-05-26 18:21:32,408 autoreload 2208 15480 Watching for file changes with StatReloader
INFO 2026-05-26 18:22:03,512 views 2208 31652 User logged in: nikitasaxenainfo@gmail.com
INFO 2026-05-26 18:22:03,522 log 2208 31652 "POST /auth/signin HTTP/1.1" 200 680
INFO 2026-05-26 18:22:45,008 log 2208 31652 "POST /content/generate-content HTTP/1.1" 202 71
INFO 2026-05-26 18:22:45,056 log 2208 9036 "OPTIONS /content/generate/88cbe174-c0ed-4845-93e3-d1a3c94d3872 HTTP/1.1" 200 0
INFO 2026-05-26 18:22:45,234 log 2208 31652 "GET /content/generate/88cbe174-c0ed-4845-93e3-d1a3c94d3872 HTTP/1.1" 200 21
INFO 2026-05-26 18:22:49,091 log 2208 31652 "GET /content/generate/88cbe174-c0ed-4845-93e3-d1a3c94d3872 HTTP/1.1" 200 21
ERROR 2026-05-26 18:22:52,082 log 2208 31652 Internal Server Error: /content/generate/88cbe174-c0ed-4845-93e3-d1a3c94d3872
ERROR 2026-05-26 18:22:52,082 log 2208 31652 "GET /content/generate/88cbe174-c0ed-4845-93e3-d1a3c94d3872 HTTP/1.1" 500 58
INFO 2026-05-26 18:23:13,834 autoreload 2208 15480 C:\python-projects\contentgraph_backend\content\tasks.py changed, reloading.
INFO 2026-05-26 18:23:15,664 autoreload 28368 38768 Watching for file changes with StatReloader
INFO 2026-05-26 18:27:43,490 views 28368 33332 User logged in: nikitasaxenainfo@gmail.com
INFO 2026-05-26 18:27:43,496 log 28368 33332 "POST /auth/signin HTTP/1.1" 200 680
INFO 2026-05-26 18:28:24,421 log 28368 33332 "POST /content/generate-content HTTP/1.1" 202 71
INFO 2026-05-26 18:28:24,454 log 28368 29172 "OPTIONS /content/generate/248a8b4d-d0b4-4d79-af43-9a80387fd183 HTTP/1.1" 200 0
INFO 2026-05-26 18:28:24,693 log 28368 33332 "GET /content/generate/248a8b4d-d0b4-4d79-af43-9a80387fd183 HTTP/1.1" 200 21
INFO 2026-05-26 18:28:27,678 log 28368 33332 "GET /content/generate/248a8b4d-d0b4-4d79-af43-9a80387fd183 HTTP/1.1" 200 21
INFO 2026-05-26 18:28:30,673 log 28368 33332 "GET /content/generate/248a8b4d-d0b4-4d79-af43-9a80387fd183 HTTP/1.1" 200 21
INFO 2026-05-26 18:28:33,688 log 28368 33332 "GET /content/generate/248a8b4d-d0b4-4d79-af43-9a80387fd183 HTTP/1.1" 200 21
INFO 2026-05-26 18:28:37,365 log 28368 33332 "GET /content/generate/248a8b4d-d0b4-4d79-af43-9a80387fd183 HTTP/1.1" 200 583
INFO 2026-05-26 18:28:40,394 log 28368 33332 "GET /content/generate/248a8b4d-d0b4-4d79-af43-9a80387fd183 HTTP/1.1" 200 583
INFO 2026-05-26 18:28:42,926 log 28368 33332 "GET /content/generate/248a8b4d-d0b4-4d79-af43-9a80387fd183 HTTP/1.1" 200 583
INFO 2026-05-26 18:28:45,893 log 28368 33332 "GET /content/generate/248a8b4d-d0b4-4d79-af43-9a80387fd183 HTTP/1.1" 200 583
INFO 2026-05-26 18:28:48,905 log 28368 33332 "GET /content/generate/248a8b4d-d0b4-4d79-af43-9a80387fd183 HTTP/1.1" 200 583
INFO 2026-05-26 18:28:51,905 log 28368 33332 "GET /content/generate/248a8b4d-d0b4-4d79-af43-9a80387fd183 HTTP/1.1" 200 583
INFO 2026-05-26 18:28:54,911 log 28368 33332 "GET /content/generate/248a8b4d-d0b4-4d79-af43-9a80387fd183 HTTP/1.1" 200 583
INFO 2026-05-26 18:28:57,935 log 28368 33332 "GET /content/generate/248a8b4d-d0b4-4d79-af43-9a80387fd183 HTTP/1.1" 200 583
INFO 2026-05-26 18:29:01,089 log 28368 33332 "GET /content/generate/248a8b4d-d0b4-4d79-af43-9a80387fd183 HTTP/1.1" 200 583
INFO 2026-05-26 18:29:03,916 log 28368 33332 "GET /content/generate/248a8b4d-d0b4-4d79-af43-9a80387fd183 HTTP/1.1" 200 583
INFO 2026-05-26 18:29:06,898 log 28368 33332 "GET /content/generate/248a8b4d-d0b4-4d79-af43-9a80387fd183 HTTP/1.1" 200 583
INFO 2026-05-26 18:29:09,902 log 28368 33332 "GET /content/generate/248a8b4d-d0b4-4d79-af43-9a80387fd183 HTTP/1.1" 200 583
INFO 2026-05-26 18:39:55,565 views 28368 3572 User logged in: nikitasaxenainfo@gmail.com
INFO 2026-05-26 18:39:55,572 log 28368 3572 "POST /auth/signin HTTP/1.1" 200 680
INFO 2026-05-26 18:40:40,899 log 28368 3572 "POST /content/generate-content HTTP/1.1" 202 71
INFO 2026-05-26 18:40:40,949 log 28368 38628 "OPTIONS /content/generate/d6ac0ad1-6a54-4bee-8c5b-56951d44e488 HTTP/1.1" 200 0
INFO 2026-05-26 18:40:41,130 log 28368 3572 "GET /content/generate/d6ac0ad1-6a54-4bee-8c5b-56951d44e488 HTTP/1.1" 200 21
INFO 2026-05-26 18:40:45,130 log 28368 3572 "GET /content/generate/d6ac0ad1-6a54-4bee-8c5b-56951d44e488 HTTP/1.1" 200 21
INFO 2026-05-26 18:40:48,107 log 28368 3572 "GET /content/generate/d6ac0ad1-6a54-4bee-8c5b-56951d44e488 HTTP/1.1" 200 21
INFO 2026-05-26 18:40:51,137 log 28368 3572 "GET /content/generate/d6ac0ad1-6a54-4bee-8c5b-56951d44e488 HTTP/1.1" 200 21
INFO 2026-05-26 18:40:54,404 log 28368 3572 "GET /content/generate/d6ac0ad1-6a54-4bee-8c5b-56951d44e488 HTTP/1.1" 200 21
ERROR 2026-05-26 18:40:57,122 log 28368 3572 Internal Server Error: /content/generate/d6ac0ad1-6a54-4bee-8c5b-56951d44e488
ERROR 2026-05-26 18:40:57,122 log 28368 3572 "GET /content/generate/d6ac0ad1-6a54-4bee-8c5b-56951d44e488 HTTP/1.1" 500 56
INFO 2026-05-26 18:42:16,703 views 28368 3572 User logged in: nikitasaxenainfo@gmail.com
INFO 2026-05-26 18:42:16,703 log 28368 3572 "POST /auth/signin HTTP/1.1" 200 680
INFO 2026-05-26 18:42:46,192 log 28368 3572 "POST /content/generate-content HTTP/1.1" 202 71
INFO 2026-05-26 18:42:46,226 log 28368 38628 "OPTIONS /content/generate/ff3b3554-2d15-4a82-8a3f-be3cdb066946 HTTP/1.1" 200 0
INFO 2026-05-26 18:42:46,403 log 28368 3572 "GET /content/generate/ff3b3554-2d15-4a82-8a3f-be3cdb066946 HTTP/1.1" 200 21
INFO 2026-05-26 18:42:49,413 log 28368 3572 "GET /content/generate/ff3b3554-2d15-4a82-8a3f-be3cdb066946 HTTP/1.1" 200 21
INFO 2026-05-26 18:42:52,398 log 28368 3572 "GET /content/generate/ff3b3554-2d15-4a82-8a3f-be3cdb066946 HTTP/1.1" 200 21
INFO 2026-05-26 18:42:56,109 log 28368 3572 "GET /content/generate/ff3b3554-2d15-4a82-8a3f-be3cdb066946 HTTP/1.1" 200 21
INFO 2026-05-26 18:42:59,107 log 28368 3572 "GET /content/generate/ff3b3554-2d15-4a82-8a3f-be3cdb066946 HTTP/1.1" 200 21
ERROR 2026-05-26 18:43:02,104 log 28368 3572 Internal Server Error: /content/generate/ff3b3554-2d15-4a82-8a3f-be3cdb066946
ERROR 2026-05-26 18:43:02,104 log 28368 3572 "GET /content/generate/ff3b3554-2d15-4a82-8a3f-be3cdb066946 HTTP/1.1" 500 56
INFO 2026-05-26 18:47:19,843 views 28368 3572 User logged in: nikitasaxenainfo@gmail.com
INFO 2026-05-26 18:47:19,843 log 28368 3572 "POST /auth/signin HTTP/1.1" 200 680
INFO 2026-05-26 18:48:41,333 log 28368 3572 "POST /content/generate-content HTTP/1.1" 202 71
INFO 2026-05-26 18:48:41,374 log 28368 36728 "OPTIONS /content/generate/74010463-2148-4554-abd8-7f7159dfec29 HTTP/1.1" 200 0
INFO 2026-05-26 18:48:41,566 log 28368 3572 "GET /content/generate/74010463-2148-4554-abd8-7f7159dfec29 HTTP/1.1" 200 21
INFO 2026-05-26 18:48:44,544 log 28368 3572 "GET /content/generate/74010463-2148-4554-abd8-7f7159dfec29 HTTP/1.1" 200 21
INFO 2026-05-26 18:48:48,100 log 28368 3572 "GET /content/generate/74010463-2148-4554-abd8-7f7159dfec29 HTTP/1.1" 200 21
INFO 2026-05-26 18:48:51,116 log 28368 3572 "GET /content/generate/74010463-2148-4554-abd8-7f7159dfec29 HTTP/1.1" 200 21
INFO 2026-05-26 18:48:54,116 log 28368 3572 "GET /content/generate/74010463-2148-4554-abd8-7f7159dfec29 HTTP/1.1" 200 21
INFO 2026-05-26 18:48:57,112 log 28368 3572 "GET /content/generate/74010463-2148-4554-abd8-7f7159dfec29 HTTP/1.1" 200 21
INFO 2026-05-26 18:49:00,130 log 28368 3572 "GET /content/generate/74010463-2148-4554-abd8-7f7159dfec29 HTTP/1.1" 200 21
INFO 2026-05-26 18:49:03,097 log 28368 3572 "GET /content/generate/74010463-2148-4554-abd8-7f7159dfec29 HTTP/1.1" 200 21
INFO 2026-05-26 18:49:06,306 log 28368 3572 "GET /content/generate/74010463-2148-4554-abd8-7f7159dfec29 HTTP/1.1" 200 644
INFO 2026-05-26 18:49:09,282 log 28368 3572 "GET /content/generate/74010463-2148-4554-abd8-7f7159dfec29 HTTP/1.1" 200 644
INFO 2026-05-26 18:49:12,304 log 28368 3572 "GET /content/generate/74010463-2148-4554-abd8-7f7159dfec29 HTTP/1.1" 200 644
INFO 2026-05-26 18:49:15,290 log 28368 3572 "GET /content/generate/74010463-2148-4554-abd8-7f7159dfec29 HTTP/1.1" 200 644
INFO 2026-05-26 18:49:18,298 log 28368 3572 "GET /content/generate/74010463-2148-4554-abd8-7f7159dfec29 HTTP/1.1" 200 644
INFO 2026-05-26 18:49:21,296 log 28368 3572 "GET /content/generate/74010463-2148-4554-abd8-7f7159dfec29 HTTP/1.1" 200 644
INFO 2026-05-26 18:49:24,372 log 28368 3572 "GET /content/generate/74010463-2148-4554-abd8-7f7159dfec29 HTTP/1.1" 200 644
INFO 2026-05-26 18:49:26,751 log 28368 3572 "GET /content/generate/74010463-2148-4554-abd8-7f7159dfec29 HTTP/1.1" 200 644
INFO 2026-05-26 18:49:35,111 views 28368 3572 User logged in: nikitasaxenainfo@gmail.com
INFO 2026-05-26 18:49:35,111 log 28368 3572 "POST /auth/signin HTTP/1.1" 200 680
INFO 2026-05-26 18:50:15,588 log 28368 3572 "POST /content/generate-content HTTP/1.1" 202 71
INFO 2026-05-26 18:50:15,626 log 28368 36728 "OPTIONS /content/generate/7484a249-d1b4-45b4-a6d7-c8c8c718a44b HTTP/1.1" 200 0
INFO 2026-05-26 18:50:15,797 log 28368 3572 "GET /content/generate/7484a249-d1b4-45b4-a6d7-c8c8c718a44b HTTP/1.1" 200 21
INFO 2026-05-26 18:50:18,814 log 28368 3572 "GET /content/generate/7484a249-d1b4-45b4-a6d7-c8c8c718a44b HTTP/1.1" 200 21
INFO 2026-05-26 18:50:22,117 log 28368 3572 "GET /content/generate/7484a249-d1b4-45b4-a6d7-c8c8c718a44b HTTP/1.1" 200 21
INFO 2026-05-26 18:50:25,101 log 28368 3572 "GET /content/generate/7484a249-d1b4-45b4-a6d7-c8c8c718a44b HTTP/1.1" 200 21
INFO 2026-05-26 18:50:28,104 log 28368 3572 "GET /content/generate/7484a249-d1b4-45b4-a6d7-c8c8c718a44b HTTP/1.1" 200 21
INFO 2026-05-26 18:50:31,095 log 28368 3572 "GET /content/generate/7484a249-d1b4-45b4-a6d7-c8c8c718a44b HTTP/1.1" 200 21
INFO 2026-05-26 18:50:34,102 log 28368 3572 "GET /content/generate/7484a249-d1b4-45b4-a6d7-c8c8c718a44b HTTP/1.1" 200 21
INFO 2026-05-26 18:50:37,264 log 28368 3572 "GET /content/generate/7484a249-d1b4-45b4-a6d7-c8c8c718a44b HTTP/1.1" 200 657
INFO 2026-05-26 18:50:40,292 log 28368 3572 "GET /content/generate/7484a249-d1b4-45b4-a6d7-c8c8c718a44b HTTP/1.1" 200 657
INFO 2026-05-26 18:50:43,289 log 28368 3572 "GET /content/generate/7484a249-d1b4-45b4-a6d7-c8c8c718a44b HTTP/1.1" 200 657
INFO 2026-05-26 18:50:46,274 log 28368 3572 "GET /content/generate/7484a249-d1b4-45b4-a6d7-c8c8c718a44b HTTP/1.1" 200 657
INFO 2026-05-26 18:50:49,298 log 28368 3572 "GET /content/generate/7484a249-d1b4-45b4-a6d7-c8c8c718a44b HTTP/1.1" 200 657
INFO 2026-05-26 18:50:52,275 log 28368 3572 "GET /content/generate/7484a249-d1b4-45b4-a6d7-c8c8c718a44b HTTP/1.1" 200 657
INFO 2026-05-26 18:50:55,277 log 28368 3572 "GET /content/generate/7484a249-d1b4-45b4-a6d7-c8c8c718a44b HTTP/1.1" 200 657
INFO 2026-05-26 18:50:58,281 log 28368 3572 "GET /content/generate/7484a249-d1b4-45b4-a6d7-c8c8c718a44b HTTP/1.1" 200 657
INFO 2026-05-26 18:51:01,267 log 28368 3572 "GET /content/generate/7484a249-d1b4-45b4-a6d7-c8c8c718a44b HTTP/1.1" 200 657
INFO 2026-05-26 18:51:04,278 log 28368 3572 "GET /content/generate/7484a249-d1b4-45b4-a6d7-c8c8c718a44b HTTP/1.1" 200 657
INFO 2026-05-26 18:51:07,264 log 28368 3572 "GET /content/generate/7484a249-d1b4-45b4-a6d7-c8c8c718a44b HTTP/1.1" 200 657
INFO 2026-05-26 18:51:10,302 log 28368 3572 "GET /content/generate/7484a249-d1b4-45b4-a6d7-c8c8c718a44b HTTP/1.1" 200 657
INFO 2026-05-26 18:51:13,292 log 28368 3572 "GET /content/generate/7484a249-d1b4-45b4-a6d7-c8c8c718a44b HTTP/1.1" 200 657
INFO 2026-05-26 18:51:16,301 log 28368 3572 "GET /content/generate/7484a249-d1b4-45b4-a6d7-c8c8c718a44b HTTP/1.1" 200 657
INFO 2026-05-26 18:51:19,276 log 28368 3572 "GET /content/generate/7484a249-d1b4-45b4-a6d7-c8c8c718a44b HTTP/1.1" 200 657
INFO 2026-05-26 18:52:19,307 log 28368 3572 "GET /content/generate/7484a249-d1b4-45b4-a6d7-c8c8c718a44b HTTP/1.1" 200 657
INFO 2026-05-26 18:53:19,279 log 28368 3572 "GET /content/generate/7484a249-d1b4-45b4-a6d7-c8c8c718a44b HTTP/1.1" 200 657
INFO 2026-05-26 18:54:19,263 log 28368 3572 "GET /content/generate/7484a249-d1b4-45b4-a6d7-c8c8c718a44b HTTP/1.1" 200 657
WARNING 2026-05-26 18:55:18,967 log 28368 28980 Unauthorized: /content/generate/7484a249-d1b4-45b4-a6d7-c8c8c718a44b
WARNING 2026-05-26 18:55:18,967 log 28368 28980 "GET /content/generate/7484a249-d1b4-45b4-a6d7-c8c8c718a44b HTTP/1.1" 401 183
INFO 2026-05-26 19:19:31,355 autoreload 28368 38768 C:\python-projects\contentgraph_backend\content\models.py changed, reloading.
INFO 2026-05-26 19:19:35,703 autoreload 14044 4980 Watching for file changes with StatReloader
INFO 2026-05-26 19:46:35,560 autoreload 14044 4980 C:\python-projects\contentgraph_backend\content\tasks.py changed, reloading.
INFO 2026-05-26 19:46:40,369 autoreload 20252 29020 Watching for file changes with StatReloader
INFO 2026-05-26 19:46:49,101 autoreload 20252 29020 C:\python-projects\contentgraph_backend\content\tasks.py changed, reloading.
INFO 2026-05-26 19:46:51,271 autoreload 2244 2676 Watching for file changes with StatReloader
INFO 2026-05-26 19:47:43,075 autoreload 2244 2676 C:\python-projects\contentgraph_backend\content\tasks.py changed, reloading.
INFO 2026-05-26 19:47:45,974 autoreload 21360 28928 Watching for file changes with StatReloader
INFO 2026-05-26 19:48:06,066 autoreload 21360 28928 C:\python-projects\contentgraph_backend\content\models.py changed, reloading.
INFO 2026-05-26 19:48:08,920 autoreload 12544 1136 Watching for file changes with StatReloader
INFO 2026-05-26 19:48:35,629 autoreload 32640 19740 Watching for file changes with StatReloader
INFO 2026-05-26 19:50:35,347 autoreload 13984 11136 Watching for file changes with StatReloader
INFO 2026-05-26 19:51:28,850 log 13984 13616 "OPTIONS /auth/signin HTTP/1.1" 200 0
INFO 2026-05-26 19:51:31,059 views 13984 4064 User logged in: nikitasaxenainfo@gmail.com
INFO 2026-05-26 19:51:31,059 log 13984 4064 "POST /auth/signin HTTP/1.1" 200 680
INFO 2026-05-26 19:52:39,500 log 13984 4064 "POST /content/generate-content HTTP/1.1" 202 71
INFO 2026-05-26 19:52:39,579 log 13984 13616 "OPTIONS /content/generate/3dfdb6e4-e0e8-48e7-97c9-63f0203f67c8 HTTP/1.1" 200 0
INFO 2026-05-26 19:52:39,890 log 13984 4064 "GET /content/generate/3dfdb6e4-e0e8-48e7-97c9-63f0203f67c8 HTTP/1.1" 200 21
INFO 2026-05-26 19:52:42,890 log 13984 4064 "GET /content/generate/3dfdb6e4-e0e8-48e7-97c9-63f0203f67c8 HTTP/1.1" 200 21
INFO 2026-05-26 19:52:45,950 log 13984 4064 "GET /content/generate/3dfdb6e4-e0e8-48e7-97c9-63f0203f67c8 HTTP/1.1" 200 24
INFO 2026-05-26 19:52:49,459 log 13984 4064 "GET /content/generate/3dfdb6e4-e0e8-48e7-97c9-63f0203f67c8 HTTP/1.1" 200 24
INFO 2026-05-26 19:52:52,189 log 13984 4064 "GET /content/generate/3dfdb6e4-e0e8-48e7-97c9-63f0203f67c8 HTTP/1.1" 200 24
INFO 2026-05-26 19:52:55,423 log 13984 4064 "GET /content/generate/3dfdb6e4-e0e8-48e7-97c9-63f0203f67c8 HTTP/1.1" 200 24
INFO 2026-05-26 19:52:58,244 log 13984 4064 "GET /content/generate/3dfdb6e4-e0e8-48e7-97c9-63f0203f67c8 HTTP/1.1" 200 24
INFO 2026-05-26 19:53:01,306 log 13984 4064 "GET /content/generate/3dfdb6e4-e0e8-48e7-97c9-63f0203f67c8 HTTP/1.1" 200 24
ERROR 2026-05-26 19:53:04,492 log 13984 4064 Internal Server Error: /content/generate/3dfdb6e4-e0e8-48e7-97c9-63f0203f67c8
ERROR 2026-05-26 19:53:04,492 log 13984 4064 "GET /content/generate/3dfdb6e4-e0e8-48e7-97c9-63f0203f67c8 HTTP/1.1" 500 68
INFO 2026-05-27 14:39:10,661 autoreload 15748 33764 Watching for file changes with StatReloader
INFO 2026-05-27 14:40:52,292 log 15748 19800 "OPTIONS /auth/signin HTTP/1.1" 200 0
INFO 2026-05-27 14:40:54,898 views 15748 10996 User logged in: nikitasaxenainfo@gmail.com
INFO 2026-05-27 14:40:54,901 log 15748 10996 "POST /auth/signin HTTP/1.1" 200 680
INFO 2026-05-27 15:49:27,289 views 15748 6168 User logged in: nikitasaxenainfo@gmail.com
INFO 2026-05-27 15:49:27,329 log 15748 6168 "POST /auth/signin HTTP/1.1" 200 680
WARNING 2026-05-27 15:51:58,488 log 15748 13076 Not Found: /favicon.ico
WARNING 2026-05-27 15:51:58,488 log 15748 13076 "GET /favicon.ico HTTP/1.1" 404 2672
INFO 2026-05-27 16:21:41,626 log 15748 37156 "OPTIONS /content/generate-content HTTP/1.1" 200 0
WARNING 2026-05-27 16:21:41,809 log 15748 28380 Unauthorized: /content/generate-content
WARNING 2026-05-27 16:21:41,810 log 15748 28380 "POST /content/generate-content HTTP/1.1" 401 183
INFO 2026-05-27 16:21:41,912 log 15748 37156 "OPTIONS /api/token/refresh/ HTTP/1.1" 200 0
WARNING 2026-05-27 16:21:41,952 log 15748 28380 Not Found: /api/token/refresh/
WARNING 2026-05-27 16:21:41,958 log 15748 28380 "POST /api/token/refresh/ HTTP/1.1" 404 2694
INFO 2026-05-27 16:21:51,515 views 15748 28380 User logged in: nikitasaxenainfo@gmail.com
INFO 2026-05-27 16:21:51,519 log 15748 28380 "POST /auth/signin HTTP/1.1" 200 680
INFO 2026-05-27 16:22:41,777 log 15748 28380 "POST /content/generate-content HTTP/1.1" 202 71
INFO 2026-05-27 16:22:41,909 log 15748 37156 "OPTIONS /content/generate/51ed2785-781e-4caa-8425-c6bc5b8e710e HTTP/1.1" 200 0
INFO 2026-05-27 16:22:42,339 log 15748 28380 "GET /content/generate/51ed2785-781e-4caa-8425-c6bc5b8e710e HTTP/1.1" 200 21
INFO 2026-05-27 16:22:46,089 log 15748 28380 "GET /content/generate/51ed2785-781e-4caa-8425-c6bc5b8e710e HTTP/1.1" 200 21
INFO 2026-05-27 16:22:48,206 log 15748 28380 "GET /content/generate/51ed2785-781e-4caa-8425-c6bc5b8e710e HTTP/1.1" 200 21
INFO 2026-05-27 16:22:51,101 log 15748 28380 "GET /content/generate/51ed2785-781e-4caa-8425-c6bc5b8e710e HTTP/1.1" 200 21
INFO 2026-05-27 16:22:54,449 log 15748 28380 "GET /content/generate/51ed2785-781e-4caa-8425-c6bc5b8e710e HTTP/1.1" 200 21
INFO 2026-05-27 16:22:58,029 log 15748 28380 "GET /content/generate/51ed2785-781e-4caa-8425-c6bc5b8e710e HTTP/1.1" 200 21
INFO 2026-05-27 16:23:00,430 log 15748 28380 "GET /content/generate/51ed2785-781e-4caa-8425-c6bc5b8e710e HTTP/1.1" 200 21
INFO 2026-05-27 16:23:03,691 log 15748 28380 "GET /content/generate/51ed2785-781e-4caa-8425-c6bc5b8e710e HTTP/1.1" 200 21
INFO 2026-05-27 16:23:06,091 log 15748 28380 "GET /content/generate/51ed2785-781e-4caa-8425-c6bc5b8e710e HTTP/1.1" 200 21
INFO 2026-05-27 16:23:09,236 log 15748 28380 "GET /content/generate/51ed2785-781e-4caa-8425-c6bc5b8e710e HTTP/1.1" 200 21
INFO 2026-05-27 16:23:12,089 log 15748 28380 "GET /content/generate/51ed2785-781e-4caa-8425-c6bc5b8e710e HTTP/1.1" 200 21
INFO 2026-05-27 16:23:15,376 log 15748 28380 "GET /content/generate/51ed2785-781e-4caa-8425-c6bc5b8e710e HTTP/1.1" 200 21
ERROR 2026-05-27 16:23:18,771 log 15748 28380 Internal Server Error: /content/generate/51ed2785-781e-4caa-8425-c6bc5b8e710e
ERROR 2026-05-27 16:23:18,771 log 15748 28380 "GET /content/generate/51ed2785-781e-4caa-8425-c6bc5b8e710e HTTP/1.1" 500 56
INFO 2026-05-27 16:34:07,321 views 15748 18184 User logged in: nikitasaxenainfo@gmail.com
INFO 2026-05-27 16:34:07,330 log 15748 18184 "POST /auth/signin HTTP/1.1" 200 680
INFO 2026-05-27 16:34:50,492 log 15748 18184 "POST /content/generate-content HTTP/1.1" 202 71
INFO 2026-05-27 16:34:50,608 log 15748 19340 "OPTIONS /content/generate/18c09092-ea1d-446d-a63c-24bc474ec8de HTTP/1.1" 200 0
INFO 2026-05-27 16:34:50,902 log 15748 18184 "GET /content/generate/18c09092-ea1d-446d-a63c-24bc474ec8de HTTP/1.1" 200 21
INFO 2026-05-27 16:34:53,878 log 15748 18184 "GET /content/generate/18c09092-ea1d-446d-a63c-24bc474ec8de HTTP/1.1" 200 21
INFO 2026-05-27 16:34:57,821 log 15748 18184 "GET /content/generate/18c09092-ea1d-446d-a63c-24bc474ec8de HTTP/1.1" 200 21
INFO 2026-05-27 16:34:59,788 log 15748 18184 "GET /content/generate/18c09092-ea1d-446d-a63c-24bc474ec8de HTTP/1.1" 200 21
INFO 2026-05-27 16:35:07,114 views 15748 18184 User logged in: nikitasaxenainfo@gmail.com
INFO 2026-05-27 16:35:07,117 log 15748 18184 "POST /auth/signin HTTP/1.1" 200 680
INFO 2026-05-27 16:35:54,688 log 15748 18184 "POST /content/generate-content HTTP/1.1" 202 71
INFO 2026-05-27 16:35:54,837 log 15748 19340 "OPTIONS /content/generate/cf8741ff-617a-4b83-ae93-4a5f1bd0a3bf HTTP/1.1" 200 0
INFO 2026-05-27 16:35:55,179 log 15748 18184 "GET /content/generate/cf8741ff-617a-4b83-ae93-4a5f1bd0a3bf HTTP/1.1" 200 21
INFO 2026-05-27 16:35:57,977 log 15748 18184 "GET /content/generate/cf8741ff-617a-4b83-ae93-4a5f1bd0a3bf HTTP/1.1" 200 21
INFO 2026-05-27 16:36:01,434 log 15748 18184 "GET /content/generate/cf8741ff-617a-4b83-ae93-4a5f1bd0a3bf HTTP/1.1" 200 21
INFO 2026-05-27 16:36:04,486 log 15748 18184 "GET /content/generate/cf8741ff-617a-4b83-ae93-4a5f1bd0a3bf HTTP/1.1" 200 21
INFO 2026-05-27 16:36:07,687 log 15748 18184 "GET /content/generate/cf8741ff-617a-4b83-ae93-4a5f1bd0a3bf HTTP/1.1" 200 21
INFO 2026-05-27 16:36:10,408 log 15748 18184 "GET /content/generate/cf8741ff-617a-4b83-ae93-4a5f1bd0a3bf HTTP/1.1" 200 21
INFO 2026-05-27 16:36:13,420 log 15748 18184 "GET /content/generate/cf8741ff-617a-4b83-ae93-4a5f1bd0a3bf HTTP/1.1" 200 21
INFO 2026-05-27 16:36:16,538 log 15748 18184 "GET /content/generate/cf8741ff-617a-4b83-ae93-4a5f1bd0a3bf HTTP/1.1" 200 21
INFO 2026-05-27 16:36:19,451 log 15748 18184 "GET /content/generate/cf8741ff-617a-4b83-ae93-4a5f1bd0a3bf HTTP/1.1" 200 21
INFO 2026-05-27 16:36:22,531 log 15748 18184 "GET /content/generate/cf8741ff-617a-4b83-ae93-4a5f1bd0a3bf HTTP/1.1" 200 21
INFO 2026-05-27 16:36:25,502 log 15748 18184 "GET /content/generate/cf8741ff-617a-4b83-ae93-4a5f1bd0a3bf HTTP/1.1" 200 21
INFO 2026-05-27 16:36:28,496 log 15748 18184 "GET /content/generate/cf8741ff-617a-4b83-ae93-4a5f1bd0a3bf HTTP/1.1" 200 21
INFO 2026-05-27 16:36:31,424 log 15748 18184 "GET /content/generate/cf8741ff-617a-4b83-ae93-4a5f1bd0a3bf HTTP/1.1" 200 21
INFO 2026-05-27 16:36:34,418 log 15748 18184 "GET /content/generate/cf8741ff-617a-4b83-ae93-4a5f1bd0a3bf HTTP/1.1" 200 21
INFO 2026-05-27 16:36:37,482 log 15748 18184 "GET /content/generate/cf8741ff-617a-4b83-ae93-4a5f1bd0a3bf HTTP/1.1" 200 21
ERROR 2026-05-27 16:36:41,324 log 15748 18184 Internal Server Error: /content/generate/cf8741ff-617a-4b83-ae93-4a5f1bd0a3bf
ERROR 2026-05-27 16:36:41,325 log 15748 18184 "GET /content/generate/cf8741ff-617a-4b83-ae93-4a5f1bd0a3bf HTTP/1.1" 500 56
INFO 2026-05-27 16:38:56,984 views 15748 18184 User logged in: nikitasaxenainfo@gmail.com
INFO 2026-05-27 16:38:56,985 log 15748 18184 "POST /auth/signin HTTP/1.1" 200 680
INFO 2026-05-27 16:39:30,251 views 15748 18184 User logged in: nikitasaxenainfo@gmail.com
INFO 2026-05-27 16:39:30,255 log 15748 18184 "POST /auth/signin HTTP/1.1" 200 680
INFO 2026-05-27 16:40:13,244 log 15748 18184 "POST /content/generate-content HTTP/1.1" 202 71
INFO 2026-05-27 16:40:13,400 log 15748 19340 "OPTIONS /content/generate/b7b25345-b6f6-43a0-add4-cf95a21d0e79 HTTP/1.1" 200 0
INFO 2026-05-27 16:40:13,663 log 15748 18184 "GET /content/generate/b7b25345-b6f6-43a0-add4-cf95a21d0e79 HTTP/1.1" 200 21
INFO 2026-05-27 16:40:17,694 log 15748 18184 "GET /content/generate/b7b25345-b6f6-43a0-add4-cf95a21d0e79 HTTP/1.1" 200 21
INFO 2026-05-27 16:40:20,396 log 15748 18184 "GET /content/generate/b7b25345-b6f6-43a0-add4-cf95a21d0e79 HTTP/1.1" 200 21
INFO 2026-05-27 16:40:23,507 log 15748 18184 "GET /content/generate/b7b25345-b6f6-43a0-add4-cf95a21d0e79 HTTP/1.1" 200 21
INFO 2026-05-27 16:40:26,477 log 15748 18184 "GET /content/generate/b7b25345-b6f6-43a0-add4-cf95a21d0e79 HTTP/1.1" 200 21
INFO 2026-05-27 16:40:29,415 log 15748 18184 "GET /content/generate/b7b25345-b6f6-43a0-add4-cf95a21d0e79 HTTP/1.1" 200 21
INFO 2026-05-27 16:40:32,552 log 15748 18184 "GET /content/generate/b7b25345-b6f6-43a0-add4-cf95a21d0e79 HTTP/1.1" 200 21
INFO 2026-05-27 16:40:34,812 log 15748 18184 "GET /content/generate/b7b25345-b6f6-43a0-add4-cf95a21d0e79 HTTP/1.1" 200 21
INFO 2026-05-27 16:40:37,664 log 15748 18184 "GET /content/generate/b7b25345-b6f6-43a0-add4-cf95a21d0e79 HTTP/1.1" 200 21
INFO 2026-05-27 16:40:40,835 log 15748 18184 "GET /content/generate/b7b25345-b6f6-43a0-add4-cf95a21d0e79 HTTP/1.1" 200 21
INFO 2026-05-27 16:40:43,559 log 15748 18184 "GET /content/generate/b7b25345-b6f6-43a0-add4-cf95a21d0e79 HTTP/1.1" 200 21
INFO 2026-05-27 16:40:46,580 log 15748 18184 "GET /content/generate/b7b25345-b6f6-43a0-add4-cf95a21d0e79 HTTP/1.1" 200 21
INFO 2026-05-27 16:40:50,395 log 15748 18184 "GET /content/generate/b7b25345-b6f6-43a0-add4-cf95a21d0e79 HTTP/1.1" 200 21
INFO 2026-05-27 16:40:53,396 log 15748 18184 "GET /content/generate/b7b25345-b6f6-43a0-add4-cf95a21d0e79 HTTP/1.1" 200 21
INFO 2026-05-27 16:40:56,611 log 15748 18184 "GET /content/generate/b7b25345-b6f6-43a0-add4-cf95a21d0e79 HTTP/1.1" 200 21
INFO 2026-05-27 16:40:59,408 log 15748 18184 "GET /content/generate/b7b25345-b6f6-43a0-add4-cf95a21d0e79 HTTP/1.1" 200 21
INFO 2026-05-27 16:41:02,397 log 15748 18184 "GET /content/generate/b7b25345-b6f6-43a0-add4-cf95a21d0e79 HTTP/1.1" 200 21
INFO 2026-05-27 16:41:05,464 log 15748 18184 "GET /content/generate/b7b25345-b6f6-43a0-add4-cf95a21d0e79 HTTP/1.1" 200 21
ERROR 2026-05-27 16:41:08,431 log 15748 18184 Internal Server Error: /content/generate/b7b25345-b6f6-43a0-add4-cf95a21d0e79
ERROR 2026-05-27 16:41:08,431 log 15748 18184 "GET /content/generate/b7b25345-b6f6-43a0-add4-cf95a21d0e79 HTTP/1.1" 500 56
INFO 2026-05-27 16:42:55,734 log 15748 19340 "OPTIONS /auth/signin HTTP/1.1" 200 0
INFO 2026-05-27 16:42:58,281 views 15748 18184 User logged in: nikitasaxenainfo@gmail.com
INFO 2026-05-27 16:42:58,285 log 15748 18184 "POST /auth/signin HTTP/1.1" 200 680
INFO 2026-05-27 16:43:43,894 log 15748 18184 "POST /content/generate-content HTTP/1.1" 202 71
INFO 2026-05-27 16:43:44,005 log 15748 19340 "OPTIONS /content/generate/46865f82-0dea-46b7-be48-5c2ddc139e0e HTTP/1.1" 200 0
INFO 2026-05-27 16:43:44,348 log 15748 18184 "GET /content/generate/46865f82-0dea-46b7-be48-5c2ddc139e0e HTTP/1.1" 200 21
INFO 2026-05-27 16:43:47,275 log 15748 18184 "GET /content/generate/46865f82-0dea-46b7-be48-5c2ddc139e0e HTTP/1.1" 200 21
INFO 2026-05-27 16:43:50,523 log 15748 18184 "GET /content/generate/46865f82-0dea-46b7-be48-5c2ddc139e0e HTTP/1.1" 200 21
INFO 2026-05-27 16:43:53,506 log 15748 18184 "GET /content/generate/46865f82-0dea-46b7-be48-5c2ddc139e0e HTTP/1.1" 200 21
INFO 2026-05-27 16:43:56,426 log 15748 18184 "GET /content/generate/46865f82-0dea-46b7-be48-5c2ddc139e0e HTTP/1.1" 200 21
INFO 2026-05-27 16:43:59,451 log 15748 18184 "GET /content/generate/46865f82-0dea-46b7-be48-5c2ddc139e0e HTTP/1.1" 200 21
INFO 2026-05-27 16:44:02,479 log 15748 18184 "GET /content/generate/46865f82-0dea-46b7-be48-5c2ddc139e0e HTTP/1.1" 200 21
INFO 2026-05-27 16:44:07,638 log 15748 18184 "GET /content/generate/46865f82-0dea-46b7-be48-5c2ddc139e0e HTTP/1.1" 200 21
INFO 2026-05-27 16:44:08,411 log 15748 18184 "GET /content/generate/46865f82-0dea-46b7-be48-5c2ddc139e0e HTTP/1.1" 200 21
INFO 2026-05-27 16:44:11,398 log 15748 18184 "GET /content/generate/46865f82-0dea-46b7-be48-5c2ddc139e0e HTTP/1.1" 200 21
INFO 2026-05-27 16:44:14,392 log 15748 18184 "GET /content/generate/46865f82-0dea-46b7-be48-5c2ddc139e0e HTTP/1.1" 200 21
INFO 2026-05-27 16:44:17,395 log 15748 18184 "GET /content/generate/46865f82-0dea-46b7-be48-5c2ddc139e0e HTTP/1.1" 200 21
INFO 2026-05-27 16:44:20,394 log 15748 18184 "GET /content/generate/46865f82-0dea-46b7-be48-5c2ddc139e0e HTTP/1.1" 200 21
INFO 2026-05-27 16:44:23,405 log 15748 18184 "GET /content/generate/46865f82-0dea-46b7-be48-5c2ddc139e0e HTTP/1.1" 200 21
INFO 2026-05-27 16:44:26,499 log 15748 18184 "GET /content/generate/46865f82-0dea-46b7-be48-5c2ddc139e0e HTTP/1.1" 200 21
INFO 2026-05-27 16:44:29,473 log 15748 18184 "GET /content/generate/46865f82-0dea-46b7-be48-5c2ddc139e0e HTTP/1.1" 200 21
INFO 2026-05-27 16:44:32,522 log 15748 18184 "GET /content/generate/46865f82-0dea-46b7-be48-5c2ddc139e0e HTTP/1.1" 200 21
INFO 2026-05-27 16:44:35,507 log 15748 18184 "GET /content/generate/46865f82-0dea-46b7-be48-5c2ddc139e0e HTTP/1.1" 200 21
INFO 2026-05-27 16:44:38,754 log 15748 18184 "GET /content/generate/46865f82-0dea-46b7-be48-5c2ddc139e0e HTTP/1.1" 200 21
INFO 2026-05-27 16:44:41,447 log 15748 18184 "GET /content/generate/46865f82-0dea-46b7-be48-5c2ddc139e0e HTTP/1.1" 200 21
INFO 2026-05-27 16:44:44,407 log 15748 18184 "GET /content/generate/46865f82-0dea-46b7-be48-5c2ddc139e0e HTTP/1.1" 200 21
INFO 2026-05-27 16:44:47,468 log 15748 18184 "GET /content/generate/46865f82-0dea-46b7-be48-5c2ddc139e0e HTTP/1.1" 200 21
INFO 2026-05-27 16:44:50,482 log 15748 18184 "GET /content/generate/46865f82-0dea-46b7-be48-5c2ddc139e0e HTTP/1.1" 200 21
ERROR 2026-05-27 16:44:53,701 log 15748 18184 Internal Server Error: /content/generate/46865f82-0dea-46b7-be48-5c2ddc139e0e
ERROR 2026-05-27 16:44:53,704 log 15748 18184 "GET /content/generate/46865f82-0dea-46b7-be48-5c2ddc139e0e HTTP/1.1" 500 56
INFO 2026-05-27 16:52:18,163 views 15748 35900 User logged in: nikitasaxenainfo@gmail.com
INFO 2026-05-27 16:52:18,167 log 15748 35900 "POST /auth/signin HTTP/1.1" 200 680
INFO 2026-05-27 16:53:07,912 log 15748 35900 "POST /content/generate-content HTTP/1.1" 202 71
INFO 2026-05-27 16:53:08,027 log 15748 18528 "OPTIONS /content/generate/4bb8df3c-822e-444f-8739-eca7b7064df9 HTTP/1.1" 200 0
INFO 2026-05-27 16:53:08,240 log 15748 35900 "GET /content/generate/4bb8df3c-822e-444f-8739-eca7b7064df9 HTTP/1.1" 200 21
INFO 2026-05-27 16:53:11,228 log 15748 35900 "GET /content/generate/4bb8df3c-822e-444f-8739-eca7b7064df9 HTTP/1.1" 200 21
ERROR 2026-05-27 16:53:14,602 log 15748 35900 Internal Server Error: /content/generate/4bb8df3c-822e-444f-8739-eca7b7064df9
ERROR 2026-05-27 16:53:14,604 log 15748 35900 "GET /content/generate/4bb8df3c-822e-444f-8739-eca7b7064df9 HTTP/1.1" 500 56
INFO 2026-05-27 17:19:09,449 autoreload 15748 33764 C:\myenv\Lib\site-packages\dotenv\parser.py changed, reloading.
INFO 2026-05-27 17:19:13,876 autoreload 31912 37472 Watching for file changes with StatReloader
INFO 2026-05-27 17:19:54,539 views 31912 17460 User logged in: nikitasaxenainfo@gmail.com
INFO 2026-05-27 17:19:54,547 log 31912 17460 "POST /auth/signin HTTP/1.1" 200 680
INFO 2026-05-27 17:20:40,993 log 31912 17460 "POST /content/generate-content HTTP/1.1" 202 71
INFO 2026-05-27 17:20:41,075 log 31912 33184 "OPTIONS /content/generate/45baccdd-48c2-46c7-a177-99279cffc6aa HTTP/1.1" 200 0
INFO 2026-05-27 17:20:41,314 log 31912 17460 "GET /content/generate/45baccdd-48c2-46c7-a177-99279cffc6aa HTTP/1.1" 200 21
INFO 2026-05-27 17:20:45,099 log 31912 17460 "GET /content/generate/45baccdd-48c2-46c7-a177-99279cffc6aa HTTP/1.1" 200 21
ERROR 2026-05-27 17:20:47,599 log 31912 17460 Internal Server Error: /content/generate/45baccdd-48c2-46c7-a177-99279cffc6aa
ERROR 2026-05-27 17:20:47,599 log 31912 17460 "GET /content/generate/45baccdd-48c2-46c7-a177-99279cffc6aa HTTP/1.1" 500 56
INFO 2026-05-27 17:31:43,267 autoreload 31912 37472 C:\python-projects\contentgraph_backend\content\tasks.py changed, reloading.
INFO 2026-05-27 17:31:49,433 autoreload 40016 11800 Watching for file changes with StatReloader
INFO 2026-05-27 17:32:16,611 views 40016 8012 User logged in: nikitasaxenainfo@gmail.com
INFO 2026-05-27 17:32:16,611 log 40016 8012 "POST /auth/signin HTTP/1.1" 200 680
INFO 2026-05-27 17:33:35,025 log 40016 8012 "POST /content/generate-content HTTP/1.1" 202 71
INFO 2026-05-27 17:33:35,108 log 40016 4236 "OPTIONS /content/generate/64e478fc-4067-49c9-a3fa-78d40a33e128 HTTP/1.1" 200 0
INFO 2026-05-27 17:33:35,326 log 40016 8012 "GET /content/generate/64e478fc-4067-49c9-a3fa-78d40a33e128 HTTP/1.1" 200 21
INFO 2026-05-27 17:33:38,303 log 40016 8012 "GET /content/generate/64e478fc-4067-49c9-a3fa-78d40a33e128 HTTP/1.1" 200 21
INFO 2026-05-27 17:33:41,297 log 40016 8012 "GET /content/generate/64e478fc-4067-49c9-a3fa-78d40a33e128 HTTP/1.1" 200 21
INFO 2026-05-27 17:33:44,464 log 40016 8012 "GET /content/generate/64e478fc-4067-49c9-a3fa-78d40a33e128 HTTP/1.1" 200 21
INFO 2026-05-27 17:33:47,641 log 40016 8012 "GET /content/generate/64e478fc-4067-49c9-a3fa-78d40a33e128 HTTP/1.1" 200 21
INFO 2026-05-27 17:33:50,563 log 40016 8012 "GET /content/generate/64e478fc-4067-49c9-a3fa-78d40a33e128 HTTP/1.1" 200 21
INFO 2026-05-27 17:33:53,401 log 40016 8012 "GET /content/generate/64e478fc-4067-49c9-a3fa-78d40a33e128 HTTP/1.1" 200 21
INFO 2026-05-27 17:33:56,470 log 40016 8012 "GET /content/generate/64e478fc-4067-49c9-a3fa-78d40a33e128 HTTP/1.1" 200 21
INFO 2026-05-27 17:33:59,404 log 40016 8012 "GET /content/generate/64e478fc-4067-49c9-a3fa-78d40a33e128 HTTP/1.1" 200 21
INFO 2026-05-27 17:34:02,898 log 40016 8012 "GET /content/generate/64e478fc-4067-49c9-a3fa-78d40a33e128 HTTP/1.1" 200 21
INFO 2026-05-27 17:34:05,593 log 40016 8012 "GET /content/generate/64e478fc-4067-49c9-a3fa-78d40a33e128 HTTP/1.1" 200 21
INFO 2026-05-27 17:34:08,547 log 40016 8012 "GET /content/generate/64e478fc-4067-49c9-a3fa-78d40a33e128 HTTP/1.1" 200 21
INFO 2026-05-27 17:34:11,413 log 40016 8012 "GET /content/generate/64e478fc-4067-49c9-a3fa-78d40a33e128 HTTP/1.1" 200 21
INFO 2026-05-27 17:34:14,587 log 40016 8012 "GET /content/generate/64e478fc-4067-49c9-a3fa-78d40a33e128 HTTP/1.1" 200 21
INFO 2026-05-27 17:34:17,559 log 40016 8012 "GET /content/generate/64e478fc-4067-49c9-a3fa-78d40a33e128 HTTP/1.1" 200 21
INFO 2026-05-27 17:34:20,507 log 40016 8012 "GET /content/generate/64e478fc-4067-49c9-a3fa-78d40a33e128 HTTP/1.1" 200 21
INFO 2026-05-27 17:34:24,198 log 40016 8012 "GET /content/generate/64e478fc-4067-49c9-a3fa-78d40a33e128 HTTP/1.1" 200 21
INFO 2026-05-27 17:34:26,406 log 40016 8012 "GET /content/generate/64e478fc-4067-49c9-a3fa-78d40a33e128 HTTP/1.1" 200 21
INFO 2026-05-27 17:34:29,401 log 40016 8012 "GET /content/generate/64e478fc-4067-49c9-a3fa-78d40a33e128 HTTP/1.1" 200 21
INFO 2026-05-27 17:34:32,391 log 40016 8012 "GET /content/generate/64e478fc-4067-49c9-a3fa-78d40a33e128 HTTP/1.1" 200 21
INFO 2026-05-27 17:34:35,404 log 40016 8012 "GET /content/generate/64e478fc-4067-49c9-a3fa-78d40a33e128 HTTP/1.1" 200 21
INFO 2026-05-27 17:34:38,588 log 40016 8012 "GET /content/generate/64e478fc-4067-49c9-a3fa-78d40a33e128 HTTP/1.1" 200 21
INFO 2026-05-27 17:34:41,431 log 40016 8012 "GET /content/generate/64e478fc-4067-49c9-a3fa-78d40a33e128 HTTP/1.1" 200 21
INFO 2026-05-27 17:34:44,464 log 40016 8012 "GET /content/generate/64e478fc-4067-49c9-a3fa-78d40a33e128 HTTP/1.1" 200 21
INFO 2026-05-27 17:34:47,576 log 40016 8012 "GET /content/generate/64e478fc-4067-49c9-a3fa-78d40a33e128 HTTP/1.1" 200 21
INFO 2026-05-27 17:34:50,596 log 40016 8012 "GET /content/generate/64e478fc-4067-49c9-a3fa-78d40a33e128 HTTP/1.1" 200 21
INFO 2026-05-27 17:34:53,695 log 40016 8012 "GET /content/generate/64e478fc-4067-49c9-a3fa-78d40a33e128 HTTP/1.1" 200 21
INFO 2026-05-27 17:34:56,469 log 40016 8012 "GET /content/generate/64e478fc-4067-49c9-a3fa-78d40a33e128 HTTP/1.1" 200 21
INFO 2026-05-27 17:35:00,607 log 40016 8012 "GET /content/generate/64e478fc-4067-49c9-a3fa-78d40a33e128 HTTP/1.1" 200 21
INFO 2026-05-27 17:35:02,402 log 40016 8012 "GET /content/generate/64e478fc-4067-49c9-a3fa-78d40a33e128 HTTP/1.1" 200 21
INFO 2026-05-27 17:35:05,496 log 40016 8012 "GET /content/generate/64e478fc-4067-49c9-a3fa-78d40a33e128 HTTP/1.1" 200 21
INFO 2026-05-27 17:35:08,447 log 40016 8012 "GET /content/generate/64e478fc-4067-49c9-a3fa-78d40a33e128 HTTP/1.1" 200 21
INFO 2026-05-27 17:35:11,405 log 40016 8012 "GET /content/generate/64e478fc-4067-49c9-a3fa-78d40a33e128 HTTP/1.1" 200 21
INFO 2026-05-27 17:35:14,481 log 40016 8012 "GET /content/generate/64e478fc-4067-49c9-a3fa-78d40a33e128 HTTP/1.1" 200 21
INFO 2026-05-27 17:35:17,443 log 40016 8012 "GET /content/generate/64e478fc-4067-49c9-a3fa-78d40a33e128 HTTP/1.1" 200 21
INFO 2026-05-27 17:35:20,536 log 40016 8012 "GET /content/generate/64e478fc-4067-49c9-a3fa-78d40a33e128 HTTP/1.1" 200 21
ERROR 2026-05-27 17:36:10,827 log 40016 8012 Internal Server Error: /content/generate/64e478fc-4067-49c9-a3fa-78d40a33e128
ERROR 2026-05-27 17:36:10,827 log 40016 8012 "GET /content/generate/64e478fc-4067-49c9-a3fa-78d40a33e128 HTTP/1.1" 500 75
INFO 2026-05-27 17:40:03,912 autoreload 40016 11800 C:\python-projects\contentgraph_backend\content\tasks.py changed, reloading.
INFO 2026-05-27 17:40:08,173 autoreload 26984 8724 Watching for file changes with StatReloader
INFO 2026-05-27 17:48:47,857 autoreload 25032 36236 Watching for file changes with StatReloader
INFO 2026-05-27 17:49:22,778 views 25032 26604 User logged in: nikitasaxenainfo@gmail.com
INFO 2026-05-27 17:49:22,789 log 25032 26604 "POST /auth/signin HTTP/1.1" 200 680
WARNING 2026-05-27 17:50:24,966 log 25032 26604 Bad Request: /content/generate-content
WARNING 2026-05-27 17:50:24,966 log 25032 26604 "POST /content/generate-content HTTP/1.1" 400 72
WARNING 2026-05-27 17:50:49,844 log 25032 26604 Bad Request: /content/generate-content
WARNING 2026-05-27 17:50:49,846 log 25032 26604 "POST /content/generate-content HTTP/1.1" 400 72
INFO 2026-05-27 17:51:13,556 log 25032 26604 "POST /content/generate-content HTTP/1.1" 202 71
INFO 2026-05-27 17:51:13,659 log 25032 40764 "OPTIONS /content/generate/1d493375-8897-40d5-a8d7-05d4990449da HTTP/1.1" 200 0
INFO 2026-05-27 17:51:13,929 log 25032 26604 "GET /content/generate/1d493375-8897-40d5-a8d7-05d4990449da HTTP/1.1" 200 21
INFO 2026-05-27 17:51:17,038 log 25032 26604 "GET /content/generate/1d493375-8897-40d5-a8d7-05d4990449da HTTP/1.1" 200 21
INFO 2026-05-27 17:51:20,529 log 25032 26604 "GET /content/generate/1d493375-8897-40d5-a8d7-05d4990449da HTTP/1.1" 200 21
INFO 2026-05-27 17:51:23,436 log 25032 26604 "GET /content/generate/1d493375-8897-40d5-a8d7-05d4990449da HTTP/1.1" 200 21
INFO 2026-05-27 17:51:26,468 log 25032 26604 "GET /content/generate/1d493375-8897-40d5-a8d7-05d4990449da HTTP/1.1" 200 21
INFO 2026-05-27 17:51:29,590 log 25032 26604 "GET /content/generate/1d493375-8897-40d5-a8d7-05d4990449da HTTP/1.1" 200 21
INFO 2026-05-27 17:51:32,412 log 25032 26604 "GET /content/generate/1d493375-8897-40d5-a8d7-05d4990449da HTTP/1.1" 200 21
INFO 2026-05-27 17:51:35,453 log 25032 26604 "GET /content/generate/1d493375-8897-40d5-a8d7-05d4990449da HTTP/1.1" 200 21
INFO 2026-05-27 17:51:38,427 log 25032 26604 "GET /content/generate/1d493375-8897-40d5-a8d7-05d4990449da HTTP/1.1" 200 21
INFO 2026-05-27 17:51:41,582 log 25032 26604 "GET /content/generate/1d493375-8897-40d5-a8d7-05d4990449da HTTP/1.1" 200 21
INFO 2026-05-27 17:51:44,463 log 25032 26604 "GET /content/generate/1d493375-8897-40d5-a8d7-05d4990449da HTTP/1.1" 200 21
INFO 2026-05-27 17:51:47,443 log 25032 26604 "GET /content/generate/1d493375-8897-40d5-a8d7-05d4990449da HTTP/1.1" 200 21
INFO 2026-05-27 17:51:50,514 log 25032 26604 "GET /content/generate/1d493375-8897-40d5-a8d7-05d4990449da HTTP/1.1" 200 21
INFO 2026-05-27 17:51:53,395 log 25032 26604 "GET /content/generate/1d493375-8897-40d5-a8d7-05d4990449da HTTP/1.1" 200 21
INFO 2026-05-27 17:51:56,549 log 25032 26604 "GET /content/generate/1d493375-8897-40d5-a8d7-05d4990449da HTTP/1.1" 200 21
INFO 2026-05-27 17:51:59,398 log 25032 26604 "GET /content/generate/1d493375-8897-40d5-a8d7-05d4990449da HTTP/1.1" 200 21
INFO 2026-05-27 17:52:02,646 log 25032 26604 "GET /content/generate/1d493375-8897-40d5-a8d7-05d4990449da HTTP/1.1" 200 21
INFO 2026-05-27 17:52:05,559 log 25032 26604 "GET /content/generate/1d493375-8897-40d5-a8d7-05d4990449da HTTP/1.1" 200 21
INFO 2026-05-27 17:52:08,423 log 25032 26604 "GET /content/generate/1d493375-8897-40d5-a8d7-05d4990449da HTTP/1.1" 200 21
INFO 2026-05-27 17:52:11,497 log 25032 26604 "GET /content/generate/1d493375-8897-40d5-a8d7-05d4990449da HTTP/1.1" 200 21
INFO 2026-05-27 17:52:14,569 log 25032 26604 "GET /content/generate/1d493375-8897-40d5-a8d7-05d4990449da HTTP/1.1" 200 21
INFO 2026-05-27 17:52:17,428 log 25032 26604 "GET /content/generate/1d493375-8897-40d5-a8d7-05d4990449da HTTP/1.1" 200 21
INFO 2026-05-27 17:52:20,410 log 25032 26604 "GET /content/generate/1d493375-8897-40d5-a8d7-05d4990449da HTTP/1.1" 200 21
INFO 2026-05-27 17:52:32,501 log 25032 26604 "GET /content/generate/1d493375-8897-40d5-a8d7-05d4990449da HTTP/1.1" 200 21
INFO 2026-05-27 17:52:34,897 basehttp 25032 26604 - Broken pipe from ('127.0.0.1', 58727)
INFO 2026-05-27 17:52:42,481 views 25032 31488 User logged in: nikitasaxenainfo@gmail.com
INFO 2026-05-27 17:52:42,482 log 25032 31488 "POST /auth/signin HTTP/1.1" 200 680
INFO 2026-05-27 17:53:35,353 log 25032 31488 "POST /content/generate-content HTTP/1.1" 202 71
INFO 2026-05-27 17:53:35,421 log 25032 40764 "OPTIONS /content/generate/6e42f976-5c82-42e9-a27b-7c367feb4670 HTTP/1.1" 200 0
INFO 2026-05-27 17:53:35,723 log 25032 31488 "GET /content/generate/6e42f976-5c82-42e9-a27b-7c367feb4670 HTTP/1.1" 200 21
INFO 2026-05-27 17:53:39,462 log 25032 31488 "GET /content/generate/6e42f976-5c82-42e9-a27b-7c367feb4670 HTTP/1.1" 200 21
INFO 2026-05-27 17:53:42,426 log 25032 31488 "GET /content/generate/6e42f976-5c82-42e9-a27b-7c367feb4670 HTTP/1.1" 200 21
INFO 2026-05-27 17:53:45,387 log 25032 31488 "GET /content/generate/6e42f976-5c82-42e9-a27b-7c367feb4670 HTTP/1.1" 200 21
INFO 2026-05-27 17:53:48,449 log 25032 31488 "GET /content/generate/6e42f976-5c82-42e9-a27b-7c367feb4670 HTTP/1.1" 200 21
INFO 2026-05-27 17:53:51,373 log 25032 31488 "GET /content/generate/6e42f976-5c82-42e9-a27b-7c367feb4670 HTTP/1.1" 200 21
INFO 2026-05-27 17:53:54,374 log 25032 31488 "GET /content/generate/6e42f976-5c82-42e9-a27b-7c367feb4670 HTTP/1.1" 200 21
INFO 2026-05-27 17:53:56,665 log 25032 31488 "GET /content/generate/6e42f976-5c82-42e9-a27b-7c367feb4670 HTTP/1.1" 200 21
INFO 2026-05-27 17:54:00,374 log 25032 31488 "GET /content/generate/6e42f976-5c82-42e9-a27b-7c367feb4670 HTTP/1.1" 200 21
INFO 2026-05-27 17:54:03,375 log 25032 31488 "GET /content/generate/6e42f976-5c82-42e9-a27b-7c367feb4670 HTTP/1.1" 200 21
INFO 2026-05-27 17:54:06,813 log 25032 31488 "GET /content/generate/6e42f976-5c82-42e9-a27b-7c367feb4670 HTTP/1.1" 200 21
INFO 2026-05-27 17:54:09,601 log 25032 31488 "GET /content/generate/6e42f976-5c82-42e9-a27b-7c367feb4670 HTTP/1.1" 200 21
INFO 2026-05-27 17:54:12,850 log 25032 31488 "GET /content/generate/6e42f976-5c82-42e9-a27b-7c367feb4670 HTTP/1.1" 200 21
INFO 2026-05-27 17:54:15,717 log 25032 31488 "GET /content/generate/6e42f976-5c82-42e9-a27b-7c367feb4670 HTTP/1.1" 200 21
INFO 2026-05-27 17:54:18,358 log 25032 31488 "GET /content/generate/6e42f976-5c82-42e9-a27b-7c367feb4670 HTTP/1.1" 200 21
INFO 2026-05-27 17:54:21,468 log 25032 31488 "GET /content/generate/6e42f976-5c82-42e9-a27b-7c367feb4670 HTTP/1.1" 200 21
INFO 2026-05-27 17:54:24,431 log 25032 31488 "GET /content/generate/6e42f976-5c82-42e9-a27b-7c367feb4670 HTTP/1.1" 200 21
INFO 2026-05-27 17:54:27,723 log 25032 31488 "GET /content/generate/6e42f976-5c82-42e9-a27b-7c367feb4670 HTTP/1.1" 200 21
INFO 2026-05-27 17:54:30,480 log 25032 31488 "GET /content/generate/6e42f976-5c82-42e9-a27b-7c367feb4670 HTTP/1.1" 200 21
INFO 2026-05-27 17:54:33,379 log 25032 31488 "GET /content/generate/6e42f976-5c82-42e9-a27b-7c367feb4670 HTTP/1.1" 200 21
INFO 2026-05-27 17:54:36,378 log 25032 31488 "GET /content/generate/6e42f976-5c82-42e9-a27b-7c367feb4670 HTTP/1.1" 200 21
INFO 2026-05-27 17:54:39,469 log 25032 31488 "GET /content/generate/6e42f976-5c82-42e9-a27b-7c367feb4670 HTTP/1.1" 200 21
INFO 2026-05-27 17:54:42,488 log 25032 31488 "GET /content/generate/6e42f976-5c82-42e9-a27b-7c367feb4670 HTTP/1.1" 200 21
INFO 2026-05-27 17:54:45,434 log 25032 31488 "GET /content/generate/6e42f976-5c82-42e9-a27b-7c367feb4670 HTTP/1.1" 200 21
INFO 2026-05-27 17:54:48,517 log 25032 31488 "GET /content/generate/6e42f976-5c82-42e9-a27b-7c367feb4670 HTTP/1.1" 200 21
INFO 2026-05-27 17:54:51,459 log 25032 31488 "GET /content/generate/6e42f976-5c82-42e9-a27b-7c367feb4670 HTTP/1.1" 200 21
INFO 2026-05-27 17:54:54,860 log 25032 31488 "GET /content/generate/6e42f976-5c82-42e9-a27b-7c367feb4670 HTTP/1.1" 200 21
INFO 2026-05-27 17:55:20,483 log 25032 31488 "GET /content/generate/6e42f976-5c82-42e9-a27b-7c367feb4670 HTTP/1.1" 200 21
ERROR 2026-05-27 17:56:23,681 log 25032 36304 Internal Server Error: /content/generate/6e42f976-5c82-42e9-a27b-7c367feb4670
Traceback (most recent call last):
  File "C:\Myenv\Lib\site-packages\django\db\backends\base\base.py", line 279, in ensure_connection
    self.connect()
  File "C:\Myenv\Lib\site-packages\django\utils\asyncio.py", line 26, in inner
    return func(*args, **kwargs)
           ^^^^^^^^^^^^^^^^^^^^^
  File "C:\Myenv\Lib\site-packages\django\db\backends\base\base.py", line 256, in connect
    self.connection = self.get_new_connection(conn_params)
                      ^^^^^^^^^^^^^^^^^^^^^^^^^^^^^^^^^^^^
  File "C:\Myenv\Lib\site-packages\django\utils\asyncio.py", line 26, in inner
    return func(*args, **kwargs)
           ^^^^^^^^^^^^^^^^^^^^^
  File "C:\Myenv\Lib\site-packages\django\db\backends\postgresql\base.py", line 333, in get_new_connection
    connection = self.Database.connect(**conn_params)
                 ^^^^^^^^^^^^^^^^^^^^^^^^^^^^^^^^^^^^
  File "C:\Myenv\Lib\site-packages\psycopg2\__init__.py", line 135, in connect
    conn = _connect(dsn, connection_factory=connection_factory, **kwasync)
           ^^^^^^^^^^^^^^^^^^^^^^^^^^^^^^^^^^^^^^^^^^^^^^^^^^^^^^^^^^^^^^^
psycopg2.OperationalError: could not translate host name "aws-1-ap-southeast-1.pooler.supabase.com" to address: Name or service not known


The above exception was the direct cause of the following exception:

Traceback (most recent call last):
  File "C:\Myenv\Lib\site-packages\django\core\handlers\exception.py", line 55, in inner
    response = get_response(request)
               ^^^^^^^^^^^^^^^^^^^^^
  File "C:\Myenv\Lib\site-packages\django\core\handlers\base.py", line 198, in _get_response
    response = wrapped_callback(request, *callback_args, **callback_kwargs)
               ^^^^^^^^^^^^^^^^^^^^^^^^^^^^^^^^^^^^^^^^^^^^^^^^^^^^^^^^^^^^
  File "C:\Myenv\Lib\site-packages\django\views\decorators\csrf.py", line 65, in _view_wrapper
    return view_func(request, *args, **kwargs)
           ^^^^^^^^^^^^^^^^^^^^^^^^^^^^^^^^^^^
  File "C:\Myenv\Lib\site-packages\django\views\generic\base.py", line 106, in view
    return self.dispatch(request, *args, **kwargs)
           ^^^^^^^^^^^^^^^^^^^^^^^^^^^^^^^^^^^^^^^
  File "C:\Myenv\Lib\site-packages\rest_framework\views.py", line 509, in dispatch
    response = self.handle_exception(exc)
               ^^^^^^^^^^^^^^^^^^^^^^^^^^
  File "C:\Myenv\Lib\site-packages\rest_framework\views.py", line 469, in handle_exception
    self.raise_uncaught_exception(exc)
  File "C:\Myenv\Lib\site-packages\rest_framework\views.py", line 480, in raise_uncaught_exception
    raise exc
  File "C:\Myenv\Lib\site-packages\rest_framework\views.py", line 497, in dispatch
    self.initial(request, *args, **kwargs)
  File "C:\Myenv\Lib\site-packages\rest_framework\views.py", line 414, in initial
    self.perform_authentication(request)
  File "C:\Myenv\Lib\site-packages\rest_framework\views.py", line 324, in perform_authentication
    request.user
  File "C:\Myenv\Lib\site-packages\rest_framework\request.py", line 231, in user
    self._authenticate()
  File "C:\Myenv\Lib\site-packages\rest_framework\request.py", line 384, in _authenticate
    user_auth_tuple = authenticator.authenticate(self)
                      ^^^^^^^^^^^^^^^^^^^^^^^^^^^^^^^^
  File "C:\Myenv\Lib\site-packages\rest_framework_simplejwt\authentication.py", line 51, in authenticate
    return self.get_user(validated_token), validated_token
           ^^^^^^^^^^^^^^^^^^^^^^^^^^^^^^
  File "C:\Myenv\Lib\site-packages\rest_framework_simplejwt\authentication.py", line 130, in get_user
    user = self.user_model.objects.get(**{api_settings.USER_ID_FIELD: user_id})
           ^^^^^^^^^^^^^^^^^^^^^^^^^^^^^^^^^^^^^^^^^^^^^^^^^^^^^^^^^^^^^^^^^^^^
  File "C:\Myenv\Lib\site-packages\django\db\models\manager.py", line 87, in manager_method
    return getattr(self.get_queryset(), name)(*args, **kwargs)
           ^^^^^^^^^^^^^^^^^^^^^^^^^^^^^^^^^^^^^^^^^^^^^^^^^^^
  File "C:\Myenv\Lib\site-packages\django\db\models\query.py", line 635, in get
    num = len(clone)
          ^^^^^^^^^^
  File "C:\Myenv\Lib\site-packages\django\db\models\query.py", line 372, in __len__
    self._fetch_all()
  File "C:\Myenv\Lib\site-packages\django\db\models\query.py", line 2000, in _fetch_all
    self._result_cache = list(self._iterable_class(self))
                         ^^^^^^^^^^^^^^^^^^^^^^^^^^^^^^^^
  File "C:\Myenv\Lib\site-packages\django\db\models\query.py", line 95, in __iter__
    results = compiler.execute_sql(
              ^^^^^^^^^^^^^^^^^^^^^
  File "C:\Myenv\Lib\site-packages\django\db\models\sql\compiler.py", line 1622, in execute_sql
    cursor = self.connection.cursor()
             ^^^^^^^^^^^^^^^^^^^^^^^^
  File "C:\Myenv\Lib\site-packages\django\utils\asyncio.py", line 26, in inner
    return func(*args, **kwargs)
           ^^^^^^^^^^^^^^^^^^^^^
  File "C:\Myenv\Lib\site-packages\django\db\backends\base\base.py", line 320, in cursor
    return self._cursor()
           ^^^^^^^^^^^^^^
  File "C:\Myenv\Lib\site-packages\django\db\backends\base\base.py", line 296, in _cursor
    self.ensure_connection()
  File "C:\Myenv\Lib\site-packages\django\utils\asyncio.py", line 26, in inner
    return func(*args, **kwargs)
           ^^^^^^^^^^^^^^^^^^^^^
  File "C:\Myenv\Lib\site-packages\django\db\backends\base\base.py", line 278, in ensure_connection
    with self.wrap_database_errors:
         ^^^^^^^^^^^^^^^^^^^^^^^^^
  File "C:\Myenv\Lib\site-packages\django\db\utils.py", line 94, in __exit__
    raise dj_exc_value.with_traceback(traceback) from exc_value
  File "C:\Myenv\Lib\site-packages\django\db\backends\base\base.py", line 279, in ensure_connection
    self.connect()
  File "C:\Myenv\Lib\site-packages\django\utils\asyncio.py", line 26, in inner
    return func(*args, **kwargs)
           ^^^^^^^^^^^^^^^^^^^^^
  File "C:\Myenv\Lib\site-packages\django\db\backends\base\base.py", line 256, in connect
    self.connection = self.get_new_connection(conn_params)
                      ^^^^^^^^^^^^^^^^^^^^^^^^^^^^^^^^^^^^
  File "C:\Myenv\Lib\site-packages\django\utils\asyncio.py", line 26, in inner
    return func(*args, **kwargs)
           ^^^^^^^^^^^^^^^^^^^^^
  File "C:\Myenv\Lib\site-packages\django\db\backends\postgresql\base.py", line 333, in get_new_connection
    connection = self.Database.connect(**conn_params)
                 ^^^^^^^^^^^^^^^^^^^^^^^^^^^^^^^^^^^^
  File "C:\Myenv\Lib\site-packages\psycopg2\__init__.py", line 135, in connect
    conn = _connect(dsn, connection_factory=connection_factory, **kwasync)
           ^^^^^^^^^^^^^^^^^^^^^^^^^^^^^^^^^^^^^^^^^^^^^^^^^^^^^^^^^^^^^^^
django.db.utils.OperationalError: could not translate host name "aws-1-ap-southeast-1.pooler.supabase.com" to address: Name or service not known

ERROR 2026-05-27 17:56:23,750 log 25032 36304 "GET /content/generate/6e42f976-5c82-42e9-a27b-7c367feb4670 HTTP/1.1" 500 28576
INFO 2026-05-27 19:51:40,235 autoreload 25032 36236 C:\python-projects\contentgraph_backend\content\tasks.py changed, reloading.
INFO 2026-05-27 19:51:53,346 autoreload 31512 41484 Watching for file changes with StatReloader
INFO 2026-05-27 19:52:49,813 autoreload 31512 41484 C:\python-projects\contentgraph_backend\content\tasks.py changed, reloading.
INFO 2026-05-27 19:52:52,520 autoreload 5440 3376 Watching for file changes with StatReloader
INFO 2026-05-27 20:57:58,073 autoreload 5440 3376 C:\python-projects\contentgraph_backend\content\tasks.py changed, reloading.
INFO 2026-05-27 20:58:03,127 autoreload 44828 26904 Watching for file changes with StatReloader
INFO 2026-05-27 20:59:09,061 autoreload 44828 26904 C:\python-projects\contentgraph_backend\content\tasks.py changed, reloading.
INFO 2026-05-27 20:59:11,606 autoreload 20008 43480 Watching for file changes with StatReloader
INFO 2026-05-27 21:01:01,433 autoreload 20008 43480 C:\python-projects\contentgraph_backend\content\tasks.py changed, reloading.
INFO 2026-05-27 21:01:03,963 autoreload 27064 12192 Watching for file changes with StatReloader
INFO 2026-05-27 21:01:27,578 log 27064 41980 "OPTIONS /auth/signin HTTP/1.1" 200 0
INFO 2026-05-27 21:01:29,605 views 27064 29868 User logged in: nikitasaxenainfo@gmail.com
INFO 2026-05-27 21:01:29,605 log 27064 29868 "POST /auth/signin HTTP/1.1" 200 680
INFO 2026-05-27 21:03:09,268 views 27064 29868 User logged in: nikitasaxenainfo@gmail.com
INFO 2026-05-27 21:03:09,282 log 27064 29868 "POST /auth/signin HTTP/1.1" 200 680
INFO 2026-05-27 21:04:26,785 log 27064 41980 "OPTIONS /content/generate-content HTTP/1.1" 200 0
INFO 2026-05-27 21:04:31,024 log 27064 29868 "POST /content/generate-content HTTP/1.1" 202 71
INFO 2026-05-27 21:04:31,076 log 27064 41980 "OPTIONS /content/generate/f2e88ebe-2b5b-4158-9099-dd56683d01c5 HTTP/1.1" 200 0
INFO 2026-05-27 21:04:31,425 log 27064 29868 "GET /content/generate/f2e88ebe-2b5b-4158-9099-dd56683d01c5 HTTP/1.1" 200 21
INFO 2026-05-27 21:04:34,302 log 27064 29868 "GET /content/generate/f2e88ebe-2b5b-4158-9099-dd56683d01c5 HTTP/1.1" 200 21
INFO 2026-05-27 21:04:37,295 log 27064 29868 "GET /content/generate/f2e88ebe-2b5b-4158-9099-dd56683d01c5 HTTP/1.1" 200 21
INFO 2026-05-27 21:04:40,496 log 27064 29868 "GET /content/generate/f2e88ebe-2b5b-4158-9099-dd56683d01c5 HTTP/1.1" 200 21
INFO 2026-05-27 21:04:43,638 log 27064 29868 "GET /content/generate/f2e88ebe-2b5b-4158-9099-dd56683d01c5 HTTP/1.1" 200 21
INFO 2026-05-27 21:04:46,362 log 27064 29868 "GET /content/generate/f2e88ebe-2b5b-4158-9099-dd56683d01c5 HTTP/1.1" 200 21
INFO 2026-05-27 21:04:49,356 log 27064 29868 "GET /content/generate/f2e88ebe-2b5b-4158-9099-dd56683d01c5 HTTP/1.1" 200 21
INFO 2026-05-27 21:04:52,504 log 27064 29868 "GET /content/generate/f2e88ebe-2b5b-4158-9099-dd56683d01c5 HTTP/1.1" 200 21
INFO 2026-05-27 21:04:55,628 log 27064 29868 "GET /content/generate/f2e88ebe-2b5b-4158-9099-dd56683d01c5 HTTP/1.1" 200 21
INFO 2026-05-27 21:04:58,407 log 27064 29868 "GET /content/generate/f2e88ebe-2b5b-4158-9099-dd56683d01c5 HTTP/1.1" 200 21
INFO 2026-05-27 21:05:01,423 log 27064 29868 "GET /content/generate/f2e88ebe-2b5b-4158-9099-dd56683d01c5 HTTP/1.1" 200 21
INFO 2026-05-27 21:05:04,380 log 27064 29868 "GET /content/generate/f2e88ebe-2b5b-4158-9099-dd56683d01c5 HTTP/1.1" 200 21
INFO 2026-05-27 21:05:07,574 log 27064 29868 "GET /content/generate/f2e88ebe-2b5b-4158-9099-dd56683d01c5 HTTP/1.1" 200 21
INFO 2026-05-27 21:05:10,444 log 27064 29868 "GET /content/generate/f2e88ebe-2b5b-4158-9099-dd56683d01c5 HTTP/1.1" 200 21
INFO 2026-05-27 21:05:13,479 log 27064 29868 "GET /content/generate/f2e88ebe-2b5b-4158-9099-dd56683d01c5 HTTP/1.1" 200 21
INFO 2026-05-27 21:05:16,361 log 27064 29868 "GET /content/generate/f2e88ebe-2b5b-4158-9099-dd56683d01c5 HTTP/1.1" 200 21
INFO 2026-05-27 21:05:19,337 log 27064 29868 "GET /content/generate/f2e88ebe-2b5b-4158-9099-dd56683d01c5 HTTP/1.1" 200 21
INFO 2026-05-27 21:05:22,266 log 27064 29868 "GET /content/generate/f2e88ebe-2b5b-4158-9099-dd56683d01c5 HTTP/1.1" 200 21
INFO 2026-05-27 21:05:25,388 log 27064 29868 "GET /content/generate/f2e88ebe-2b5b-4158-9099-dd56683d01c5 HTTP/1.1" 200 21
INFO 2026-05-27 21:05:28,536 log 27064 29868 "GET /content/generate/f2e88ebe-2b5b-4158-9099-dd56683d01c5 HTTP/1.1" 200 21
INFO 2026-05-27 21:05:31,502 log 27064 29868 "GET /content/generate/f2e88ebe-2b5b-4158-9099-dd56683d01c5 HTTP/1.1" 200 21
INFO 2026-05-27 21:05:34,439 log 27064 29868 "GET /content/generate/f2e88ebe-2b5b-4158-9099-dd56683d01c5 HTTP/1.1" 200 21
INFO 2026-05-27 21:05:37,426 log 27064 29868 "GET /content/generate/f2e88ebe-2b5b-4158-9099-dd56683d01c5 HTTP/1.1" 200 21
INFO 2026-05-27 21:05:40,372 log 27064 29868 "GET /content/generate/f2e88ebe-2b5b-4158-9099-dd56683d01c5 HTTP/1.1" 200 21
INFO 2026-05-27 21:05:43,382 log 27064 29868 "GET /content/generate/f2e88ebe-2b5b-4158-9099-dd56683d01c5 HTTP/1.1" 200 21
INFO 2026-05-27 21:05:46,475 log 27064 29868 "GET /content/generate/f2e88ebe-2b5b-4158-9099-dd56683d01c5 HTTP/1.1" 200 21
INFO 2026-05-27 21:05:49,660 log 27064 29868 "GET /content/generate/f2e88ebe-2b5b-4158-9099-dd56683d01c5 HTTP/1.1" 200 21
INFO 2026-05-27 21:05:52,373 log 27064 29868 "GET /content/generate/f2e88ebe-2b5b-4158-9099-dd56683d01c5 HTTP/1.1" 200 21
INFO 2026-05-27 21:05:55,583 log 27064 29868 "GET /content/generate/f2e88ebe-2b5b-4158-9099-dd56683d01c5 HTTP/1.1" 200 21
INFO 2026-05-27 21:05:58,564 log 27064 29868 "GET /content/generate/f2e88ebe-2b5b-4158-9099-dd56683d01c5 HTTP/1.1" 200 21
INFO 2026-05-27 21:06:01,461 log 27064 29868 "GET /content/generate/f2e88ebe-2b5b-4158-9099-dd56683d01c5 HTTP/1.1" 200 21
INFO 2026-05-27 21:06:04,393 log 27064 29868 "GET /content/generate/f2e88ebe-2b5b-4158-9099-dd56683d01c5 HTTP/1.1" 200 21
ERROR 2026-05-27 21:06:07,377 log 27064 29868 Internal Server Error: /content/generate/f2e88ebe-2b5b-4158-9099-dd56683d01c5
ERROR 2026-05-27 21:06:07,378 log 27064 29868 "GET /content/generate/f2e88ebe-2b5b-4158-9099-dd56683d01c5 HTTP/1.1" 500 81
INFO 2026-05-27 21:13:11,767 autoreload 27064 12192 C:\python-projects\contentgraph_backend\content\models.py changed, reloading.
INFO 2026-05-27 21:13:20,815 autoreload 37156 29552 Watching for file changes with StatReloader
INFO 2026-05-27 21:14:29,365 autoreload 37156 29552 C:\python-projects\contentgraph_backend\content\tasks.py changed, reloading.
INFO 2026-05-27 21:14:32,727 autoreload 24780 16468 Watching for file changes with StatReloader
INFO 2026-05-27 21:18:55,161 autoreload 24780 16468 C:\python-projects\contentgraph_backend\content\csv_task.py changed, reloading.
INFO 2026-05-27 21:18:59,947 autoreload 27316 27484 Watching for file changes with StatReloader
INFO 2026-05-27 21:19:07,849 autoreload 27316 27484 C:\python-projects\contentgraph_backend\content\csv_task.py changed, reloading.
INFO 2026-05-27 21:19:10,705 autoreload 28856 17756 Watching for file changes with StatReloader
INFO 2026-05-27 21:20:07,571 autoreload 28856 17756 C:\python-projects\contentgraph_backend\content\csv_task.py changed, reloading.
INFO 2026-05-27 21:20:10,599 autoreload 39380 23852 Watching for file changes with StatReloader
INFO 2026-05-27 21:20:58,927 autoreload 39380 23852 C:\python-projects\contentgraph_backend\content\csv_task.py changed, reloading.
INFO 2026-05-27 21:21:02,050 autoreload 33584 34488 Watching for file changes with StatReloader
INFO 2026-05-27 21:22:54,704 autoreload 33584 34488 C:\python-projects\contentgraph_backend\content\csv_task.py changed, reloading.
INFO 2026-05-27 21:23:01,418 autoreload 20600 43084 Watching for file changes with StatReloader
INFO 2026-05-27 21:23:41,288 autoreload 20600 43084 C:\python-projects\contentgraph_backend\content\csv_task.py changed, reloading.
INFO 2026-05-27 21:23:47,104 autoreload 37524 5912 Watching for file changes with StatReloader
INFO 2026-05-27 21:24:10,900 autoreload 37524 5912 C:\python-projects\contentgraph_backend\content\tasks.py changed, reloading.
INFO 2026-05-27 21:24:14,761 autoreload 42624 20964 Watching for file changes with StatReloader
INFO 2026-05-27 21:24:25,620 autoreload 42624 20964 C:\python-projects\contentgraph_backend\content\tasks.py changed, reloading.
INFO 2026-05-27 21:24:28,621 autoreload 30648 43964 Watching for file changes with StatReloader
INFO 2026-05-28 14:55:34,514 autoreload 31084 27492 Watching for file changes with StatReloader
INFO 2026-05-28 15:02:24,404 log 31084 29120 "OPTIONS /auth/signin HTTP/1.1" 200 0
INFO 2026-05-28 15:02:28,603 views 31084 26088 User logged in: nikitasaxenainfo@gmail.com
INFO 2026-05-28 15:02:28,618 log 31084 26088 "POST /auth/signin HTTP/1.1" 200 680
INFO 2026-05-28 15:33:33,883 views 31084 28308 User logged in: nikitasaxenainfo@gmail.com
INFO 2026-05-28 15:33:33,898 log 31084 28308 "POST /auth/signin HTTP/1.1" 200 680
INFO 2026-05-28 15:35:58,022 views 31084 28308 User logged in: nikitasaxenainfo@gmail.com
INFO 2026-05-28 15:35:58,026 log 31084 28308 "POST /auth/signin HTTP/1.1" 200 680
INFO 2026-05-28 15:45:53,542 views 31084 32064 User logged in: nikitasaxenainfo@gmail.com
INFO 2026-05-28 15:45:53,559 log 31084 32064 "POST /auth/signin HTTP/1.1" 200 680
INFO 2026-05-28 15:59:01,813 views 31084 30776 User logged in: nikitasaxenainfo@gmail.com
INFO 2026-05-28 15:59:01,842 log 31084 30776 "POST /auth/signin HTTP/1.1" 200 680
INFO 2026-05-28 15:59:13,396 views 31084 30776 User logged in: nikitasaxenainfo@gmail.com
INFO 2026-05-28 15:59:13,397 log 31084 30776 "POST /auth/signin HTTP/1.1" 200 680
INFO 2026-05-28 16:06:16,734 views 31084 29836 User logged in: nikitasaxenainfo@gmail.com
INFO 2026-05-28 16:06:16,750 log 31084 29836 "POST /auth/signin HTTP/1.1" 200 680
INFO 2026-05-28 16:07:45,727 views 31084 29836 User logged in: nikitasaxenainfo@gmail.com
INFO 2026-05-28 16:07:45,730 log 31084 29836 "POST /auth/signin HTTP/1.1" 200 680
INFO 2026-05-28 16:09:21,107 views 31084 29836 User logged in: nikitasaxenainfo@gmail.com
INFO 2026-05-28 16:09:21,107 log 31084 29836 "POST /auth/signin HTTP/1.1" 200 680
INFO 2026-05-28 16:14:34,805 views 31084 31340 User logged in: nikitasaxenainfo@gmail.com
INFO 2026-05-28 16:14:34,810 log 31084 31340 "POST /auth/signin HTTP/1.1" 200 680
INFO 2026-05-28 16:33:10,381 views 31084 33456 User logged in: nikitasaxenainfo@gmail.com
INFO 2026-05-28 16:33:10,400 log 31084 33456 "POST /auth/signin HTTP/1.1" 200 680
WARNING 2026-05-29 08:46:01,030 log 31084 32460 Not Found: /favicon.ico
WARNING 2026-05-29 08:46:01,081 log 31084 32460 "GET /favicon.ico HTTP/1.1" 404 2672
